Q1_2008,Q2_2008,Q3_2008,Q4_2008,Q1_2009,Q2_2009,Q3_2009,Q4_2009,Q1_2010,Q2_2010,Q3_2010,Q4_2010,Q1_2011,Q2_2011,Q3_2011,Q4_2011,Q1_2012,Q2_2012,Q3_2012,Q4_2012,Q1_2013,Q2_2013,Q3_2013,Q4_2013,Q1_2014,Q2_2014,Q3_2014,Q4_2014,Q1_2015,Q2_2015,Q3_2015,Q4_2015,Q1_2016,Q2_2016,Q3_2016,Q4_2016
,,,,0,0,0,0,,,,,,,,,,,,,,,,,,,,,,,,,,,,
,,,,0,,0,-0.0326,,,,,,,,,,,,,,,,,,,,,,,,,,,,
,,,,0.5652,0.6806,,-0.2789,,,,,0.0027,,,,,,,,,,,,,,,,,,,,,,,
,,,,0,0,0,0,0,-0.4873,0.0165,0.1134,,,,,,,,,,,,,,,,,,-0.1516,,,,,,
,,,,0.7014,0.4245,-0.1719,0.0346,0.2742,-0.21,-0.0532,-0.0702,,0.0739,,,,,,,,,,,,,,,,,0.0213,-0.0417,,,,
,,,,,0.2973,0.1285,0.0646,,,,,,,,,,,-0.2836,0.1354,,,,,,,,,,,,,,,,
,,,,0,0,0,0,0,0,0,0,0,0,0,0,0,0,0,0,-0.1105,-0.2308,-0.0385,0.096,0,-0.1241,-0.0333,-0.0862,,,,,,,,
,,,,0,0,0,0,-0.2294,-0.25,0,,,-0.1717,-0.4268,,,-0.25,-0.2,,,-0.1667,0.0667,,0.2941,,,,-0.0656,,,-0.2368,0,,-0.128,
,,,,0,0,0,0,0,0,0,0,0,0,0,0,0,0,0,0,0,0,0,0,,,0,,,,,,,,,
,,,,0.7358,0.2989,-0.1339,-0.256,0.3182,-0.1576,-0.2047,-0.0735,-0.3968,-0.1447,0.2308,,0.044,,,,,,0.3881,,,,,,-0.1468,,0.0357,,-0.0633,,0.0968,
,,,,0,0,0,0,,,,0.0077,,,,,,,,,,,,,,,,,,,,,,,,
,,,,0,0,0,0,,-0.3707,,,,-0.1698,,,,-0.25,,,,,,,,,,,,,,,,0.125,,
,,,,0,0,0,0,0.3704,,0.0603,-0.6146,,,,0.0526,,-0.3444,-0.2121,,,,,,,0.3152,,-0.1111,-0.1354,,0.433,0.2878,,-0.0296,,
,,,,0.5946,0.3898,-0.0488,-0.1603,,,,-0.1529,-0.2778,-0.0385,-0.14,,,,0.0476,0.1136,,,,,-0.0548,,,,,,,,,,-0.0308,
,,,,0,0,0,0,0,0,0,0,0,0,0,0,0,0,0,0,0,0,0,0,0,0,0,0,0,0,0,0,0,,,
,,,,1.5238,0.4491,-0.1875,0.0096,-0.0889,,,,-0.3293,,,,,,,,,,,,,,,,,,,,,,,
,,,,0,,0,0,,,,,-0.2075,-0.1429,,,,-0.1579,-0.05,,,-0.0375,,,,0.0686,,,,-0.1905,,,0.0588,,-0.0896,
,,,,0,0,0,0,0,0,0,0,0,0,0,0,0,0,0,0,0,0,0,0,0,0,0,0,0,,,,,-0.0462,,
,,,,0,0.4026,0.1019,-0.084,,,,-0.1661,,-0.1569,-0.1337,,0.3571,,,,,,,,,0.0239,,,,0.0355,,,,,,
,,,,0,0,0,0,0,0,0,0,0,0,0,0,0,0,0,0,0,0,0,0,0,0,0,0,,,,0.0489,0.1398,0.3208,,
,,,,0,0,0,0,0,0,0,0,,,,,,,,,,,,,,,,,,,-0.2333,0.2174,-0.1786,-0.3478,-0.1467,
,,,,0,0,0,0,0,0,0,0,0,0,0,0,0,0,0,0,0,0,0,0,0,0,0,0,0,0,0,0,0,0,0,
,,,,,0.7857,0.0154,,,,,,,0.1018,,0.0168,,,,,,,0.0813,,,-0.0579,,-0.0364,,0.2951,0.2848,-0.0985,,,,
,,,,0,0,0,0,0,0,0,,0,,0,0.0769,,-0.1807,,0.3281,0.0824,-0.0435,0.3295,0.1795,,0.0741,,,,,-0.2459,,-0.0233,0.4476,0.1513,
,,,,0,0,0,0,0,0,0,0,0,0,0,0,,,0,0,0,0,,0,-0.1294,,-0.1477,0.4646,,0.1485,-0.1207,,,-0.0989,,
,,,,0.5812,0.0405,-0.1948,-0.0806,,,,,,,,,,,,,,,,,,,,,,,,,,,,
,,,,,,,-0.0043,,,,-0.0897,,,,,,,,,,,,,,,,,,,0.03,0.0167,,,,
,,,,1.4658,0.7222,0.2903,-0.475,-0.127,-0.0636,-0.0485,-0.0306,-0.1937,-0.0601,0.0056,-0.0635,0.1888,0.1042,-0.0787,0.3171,0.3241,0.021,-0.0479,0.1007,-0.1242,0.0672,-0.0699,0.203,-0.0688,0.3289,0.2424,0.0569,0.0692,,0.1963,
,,,,0,0,0,0,0,0,0,0,0,0,0,0,0.3736,0.056,-0.1515,0.0179,0.0351,-0.0678,-0.0091,0.0092,0,-0.0909,0,0,-0.01,-0.1111,0.1023,-0.0412,,,,
,,,,0,0,0,0,0,0,0,0,,0,-0.2222,-0.2143,,,,,,-0.1053,0.4706,,-0.0152,,,-0.1083,,,-0.0208,,-0.0816,0.1222,0.0792,
,,,,,0,0,-0.2166,,,,-0.0889,,-0.0638,-0.2955,,,,,0.678,,,,,,,,,,,,,0.1145,,,
,,,,0,0,0,0,,,,-0.1379,,,,,,,,,,,,,,,,,,,,,,,,
,,,,,,,0.6667,,0.0363,,,,,,,,,,,,,,,,,-0.1738,0.0246,-0.0213,,,,,,,
,,,,0,0,0,0,0,0,0,0,-0.4333,-0.5294,-0.0313,-0.1935,,0.0769,,,,,,,,,,,,,,,,,,
,,,,0,0,0,0,0,0,0,0,0,0.0206,-0.0404,-0.0526,0.1111,0.13,0.0708,0.3471,-0.0184,0.1,-0.0057,0.2,-0.0238,-0.1951,0.0303,0.0588,-0.2778,,,,,,,
,,,,0,0,0,0,0,0,0,0,0,0,0,0,0,0,0,0,,0,0,0,,,,,,,,,,,,
,,,,0,0,0,0,0,-0.2447,-0.132,-0.212,-0.1871,-0.1799,,-0.0192,,-0.1359,,,-0.0707,,0.0588,,-0.1496,,0.2946,-0.1241,,-0.0833,0.2545,,,0.1321,,
,,,,0,0,0,0,0,0,0,0,0,-0.1129,-0.1636,0.2283,-0.4071,-0.3731,-0.0952,0.0789,-0.0488,-0.1538,0.4242,0.0851,-0.0196,0.2,-0.0667,-0.2679,,,,,,,,
,,,,0,0,0,0,0,,,0.0346,,,,,,,,0.08,,,,0.0328,-0.0159,,,-0.0686,,,0.0714,,,,,
,,,,0,0,0,0,0,0,0,0,0,0,0,0,0,0,0,0,0,0,0,0,0,0,0,0,,,,,,0.0847,,
,,,,0,0,0,0,0,0,0,0,0,0,0,0,0,0,0,0,0,0,0,0,0,0,0,0,0,0,0,-0.0781,-0.0373,,,
,,,,0,0,0,0,0,0,-0.2588,0,-0.127,0.0364,-0.1754,0.0851,0.3529,-0.058,,,,,,,,,,,,,,,,,,
,,,,0,0,0,0,0,0,0,0,,,,,,,,,,,,,,,,,,,,,-0.05,0.7368,-0.1061,
,,,,0.8794,0.4171,0.0849,-0.3391,0.0289,-0.0895,0.0056,,,,,,,,,,,,,,,,,,,,,,,,,
,,,,0.5223,0.0293,0.0813,-0.0977,-0.0375,-0.0736,-0.1682,-0.0225,-0.1667,-0.1034,,,,,,,,,,,,,,,,,,,,,,
,,,,0,0,0,0,0,0,-0.3213,-0.2539,-0.4496,-0.2901,0.2043,0.1071,-0.0242,-0.5041,-0.2667,0.8636,0.4146,-0.3707,0.274,0.2903,-0.3417,,-0.061,-0.0519,,-0.1944,,,,,,
,,,,0,0,0,0,0,0,0,0,0,0,0,0,0,0,0,,,,,,,0,,,,,,,,,-0.0259,
,,,,0,0,0,0,0,0,,0,,,,,,,0.0192,0.2736,,,,,,,,,,,,,,,,
,,,,0,0,0,0,,,-0.1963,0.0057,-0.3559,-0.2193,-0.2921,,-0.1385,,,0.325,,,0.0638,0.36,,,,,,-0.0621,0.0441,,,,,
,,,,0,0,,0,,,,,,,0.194,-0.1125,,,,,,,,,,,,,,,0.3025,,,,,
,,,,0,0,0,0,,,,-0.1023,,,,,,,,,,,,,,,,,,,,,,,,
,,,,0,0,0,0,0,0,,,-0.4485,,-0.4521,0.225,0,-0.1224,-0.186,0.1714,0.3171,,0.1731,,0,,0.3043,-0.1667,,,-0.0702,,,,-0.068,
,,,,0,0,0,0,0,0,0,0,0,0,0,,,-0.0399,-0.1321,,0.0612,0.2271,,,,0.0701,,,,,,,,,,
,,,,0.3411,0.1957,-0.0455,0,0,-0.2727,-0.07,-0.1183,,0.0304,,-0.1193,,0.0357,-0.069,,,-0.0692,,,0.0811,0.1625,-0.0591,0.2457,,0.0746,0.275,,-0.0949,,,
,,,,0,0,0.1132,-0.2994,-0.1129,-0.4127,-0.1579,-0.1544,,0.0611,-0.3669,,,0.0996,-0.2302,,0.375,,,,,,,,,,,,,,,
,,,,0,0,0,0,0,0,0,0,0,0,0,0,0,0,0,0,0,0,0,0,0,0,0,0,0,0.1152,-0.0047,,0.05,0.4714,-0.1424,
,,,,0,0,0,,,,,,,,,,0.2603,,,,,,,,,,,,,,,,,,-0.2922,
,,,,,0,,0.1655,,-0.1815,-0.1584,0.4247,0.0151,-0.0112,-0.2556,0.2222,,-0.0637,-0.0366,0.087,,,,0.0233,-0.1534,-0.0067,,,,-0.0103,-0.0466,-0.0326,0,-0.0225,-0.0747,
,,,,0,0,0,,,,,0.1351,,,,,,,-0.3061,,0.0806,0.0299,0.3043,0.5556,-0.1214,0.0732,-0.2121,-0.0385,,,,-0.0498,,0.1381,,
,,,,,,,-0.15,,,,,,,,,,,,,,,,,,,,,,,,,,,-0.0725,
,,,,,0,0.1262,-0.15,,,,-0.1289,,-0.0105,-0.0957,,,0.0929,,,,,0.0541,0.3077,,,,,,0.0345,0,-0.0273,,,,
,,,,0,0,0,0,0,,,,,,,,,,,,,,,,,,,,,,,,0.0935,,,
,,,,0,0,0,0,0,0,0,0,0,0,0,0,0,0,0,0,0,0,0,0,0,0,0,0,0,0,0,0,0,0,0,
,,,,0,0,0,0,0,0,0,0,0,0,0,0,0,0,0,0,0,0,0,0,0,0,0,0,0,0,0,0,,0,,
,,,,0.6454,0.2718,-0.1603,-0.0182,0.1111,-0.1733,-0.3427,-0.0859,,,,0,,,,,,,,,,,,,,-0.2972,,,,,,
,,,,0,0,0,0,0,0,0,0,0,0,0,0,0,0,0,0,0,0,0,0,0,0,0,0,,0.0078,-0.0308,0.0079,,-0.1579,,
,,,,0,0,0,0,0,0,0,0,0,0,0,0,0,0,0,0,0,0,0,0,0,0,0,0,,,-0.271,-0.118,,-0.3,0.3727,
,,,,,0.4309,0.2415,-0.0526,,,,,,0,-0.2778,0.1868,,,-0.0625,,,,,,,,,,0.1837,,,,,,,
,,,,0,0,0.2164,-0.2548,0.3677,-0.3491,-0.0797,-0.1339,-0.2273,-0.0471,-0.2099,0.3125,0.0476,,,,,,,0.5814,,,,,,,,,,,,
,,,,0.1553,0.2269,-0.1644,0.0246,,,,,,,,,,,,,0.1301,,,,,,,,,,,,-0.1508,,,
,,,,0,0,0,0,0,0,0,0,0,0,0,0,,,,,,,,,,,-0.2237,-0.2203,,,,,,,,
,,,,0.3983,0.2909,0.0798,-0.1174,0.202,,,,,,,0.0526,,,,,,,0.2909,,,,0,,,,,,,,,
,,,,0,,,-0.3218,,,,-0.1399,-0.4169,0.1105,,,,,,,,,,,,,,,,,,,,,,
,,,,0,0,0,0,0,0,0.6129,-0.1067,0.0896,-0.1849,-0.1891,0.0259,-0.3586,-0.622,-0.2917,0.6765,-0.193,-0.1739,0.2368,0.234,0.3448,0.3846,0.1204,-0.1322,-0.1619,,0.3382,,,,,
,,,,0.455,0.1364,-0.12,-0.1182,-0.1546,-0.1073,-0.1339,-0.2366,-0.2314,0.4086,-0.1603,0.6909,-0.2339,-0.1158,0.131,-0.0211,0.0968,,0.1282,0.0114,-0.1011,,,0.0166,,,,,,,,
,,,,0.4859,0.1848,-0.24,-0.1553,-0.0903,0.0925,0.1034,0.0284,-0.1215,0.0283,-0.1162,0.0727,0.0871,0.1869,-0.1325,0.2248,0.08,-0.1264,0.0349,0.0892,-0.281,,,,-0.0789,,,,,,,
,,,,0.8542,0.4157,-0.0476,0,0.025,-0.0325,0.0504,0.056,-0.1667,-0.0182,-0.2148,0.2028,-0.0216,,,,,,,,,,,,,,,,,,,
,,,,0.9255,0.0497,0.6263,,0.2152,-0.4167,-0.3,,,0.1467,,,,,,,,,,,-0.0694,0.3066,0.5433,,,,,,,,,
,,,,,0.7931,0.2019,-0.048,,,,-0.0736,,,,,,,,,,,,,,,,,,,,,,,,
,,,,0,0,0,0,,,,-0.2797,,,,,,,,,,,,,,,,,,,,,,,0.3784,
,,,,0,0,0,,0,0,0,0,0,0,0,0,,,,,,,,,,,,,,,,,,,,
,,,,0,0,0,0,0,0,,-0.2024,,,,,,,,,,,,,,,,,,,,,,,,
,,,,0,0,0,0,0,,,,,0.0714,-0.2833,,,,,,,,,,,,,,,,,,,,,
,,,,0,0,0,0,0,,-0.0691,-0.0743,-0.0428,-0.0168,-0.0511,-0.0898,0,,,0.0317,-0.0308,,,,,,,,,,,0.4219,,,,
,,,,0.413,0.3385,-0.3161,-0.1261,0.1442,-0.0252,,-0.0323,,,,,,,,,,,,,,,,,,,,,,,,
,,,,0,0,,0,0.0513,-0.1,-0.0244,0.0833,-0.0385,0.0053,-0.0451,0.025,-0.0108,0.0548,0.039,0.3,0.3558,-0.0496,-0.3642,0.1573,-0.2231,0.1279,0.088,0.0362,0.1088,-0.0185,0.1698,0.0806,0.0821,0.0414,-0.0212,
,,,,0,0,0,0,,,,-0.1977,,,,,,,,,,,0.4512,0.3613,,,,,,,,,,,,
,,,,0.6406,0.2381,-0.0769,0.225,0.8027,,-0.3933,-0.269,,,,,,,,,,,,,,,,,,,,,,,,
,,,,0,0,0,0,0,0,0,0,0,0,0,0,0,0,0,0,0,0,0,0,0,0,0,0,-0.0421,0.033,0,-0.0213,0.0652,0.0816,-0.0443,
,,,,0,0,0,-0.0086,-0.1429,-0.1465,-0.1657,0.0496,0.0068,0.0201,-0.1513,0.3876,,-0.1202,,0.0979,,,-0.0952,0.0451,,,-0.125,0.1786,,,,-0.0095,,,-0.1563,
,,,,0,0,0,0,0,0,,-0.1059,,,,0.1027,,,,,,,,,,,,,,,,0.0594,,,,
,,,,0,0,0,0,0,0,0,0,0,0,0,0,0,0,,,,,,,,,,,,,,,,,,
,,,,0,0,0,0,0,0,0,0,0,0.4348,-0.3636,,,-0.1942,-0.0667,,,-0.0201,0.4821,,,,,,,,,,,,,
,,,,0,0,0,0,0,0,0,0,0,0,0,0,0,0,0,0,0,0,0,0,0,0,0,0,0,0,0,0,0,0,,
,,,,0,0,0,0,0,0,0,0,0,0,0,0,0,0,0,0,,,,1.1059,-0.3017,,,,,-0.2289,,,-0.0192,,,
,,,,0,0,0,0,0,0,0,0,0,0,,0,0,0,,,,-0.1534,,,,,,,,,,,,,,
,,,,0,0,,0,,,,0.2015,,,,,,,,,,,,,,,,,,,,0.3532,,,,
,,,,0,0,0,0,0,0,0,0,0,0,0,0,0,0,0,0,0,0,-0.0779,0.1972,-0.2118,,0.8621,-0.3259,,,,,,,,
,,,,0,0,0,0,0,0,0,0,0,0,0,,,,,0.3729,,,,,,,-0.0714,,,,,-0.1625,-0.0299,,,
,,,,0.5444,0.0935,0.1184,-0.0647,0.0063,-0.1625,,-0.0301,-0.186,,,,0.2294,,,0.04,0.0192,,,0.3857,,,,0,0.0687,-0.0562,,-0.2542,0.1564,,,
,,,,0,0,0,0,0,0,0,0,0,0,0,0,0,0,0,0,0,0,0,0,0,0,0,0,0,0,0,0,0,0,0,
,,,,0.5385,0.3485,-0.1067,-0.0189,,0.1538,-0.0667,-0.2286,-0.1611,0.2252,-0.1153,,-0.1018,-0.1883,-0.1845,0.1315,,-0.0315,0.116,0.3306,,0.2446,-0.1635,0.0146,,-0.0178,0.0928,,-0.1464,0.076,-0.0125,
,,,,0,0,0,0,0,0,0,0,,,,,,,,,,,,,,,,,,,,,,,,
,,,,0,0,0,0,0,0,0,0,0,0,0,0,0,0.0968,,,,,,,,,,,,,,,,,,
,,,,0,0,0,-0.0726,,,,-0.0524,,,,,,,,,,,,,,,,,,,,,,,,
,,,,0.7059,0.319,0.1601,-0.0423,-0.1912,-0.0873,-0.0996,-0.0221,0.0679,0.0424,0.1829,0.0584,0.1266,0.1585,-0.092,-0.1096,-0.1015,-0.1575,-0.0041,0.2653,-0.2452,-0.0128,0.2987,0.2233,-0.2207,-0.0629,0.2127,0.0831,0.4773,,-0.1162,
,,,,1.0317,-0.1094,0.2193,-0.0863,,,,,,,,,,,,,,,,,,,,,,,,,,,,
,,,,1.1739,0.8333,-0.0727,-0.0196,-0.1067,-0.4597,-0.2182,-0.0777,-0.0843,0.0293,-0.3049,0.2807,0.1416,-0.188,-0.2118,0.8625,0.1376,-0.3068,0.3064,0.1498,-0.0765,,-0.096,-0.1125,0.081,,,,,,,
,,,,0,0,0,0,0,0,0,0,0,0,0,0,0,,,,,,,,,,,,,,,,,,,
,,,,0.3659,0.1875,0,-0.1203,-0.0085,-0.069,,-0.1196,-0.0617,,,,,,-0.1772,,,,,0.3659,,,0.0738,,,0.0286,-0.0278,0.0571,,,-0.0968,
,,,,0,0,0,0,0,0,0,0,0,0,0,0,0,0,0,0,0,0,0,0,,,,-0.2183,,,,,,,,
,,,,0.1827,0.5691,-0.3005,0.1704,-0.019,-0.0258,0.0132,-0.3725,,,-0.3771,0.3004,,,-0.2584,0.4091,,,,0.277,,0.0288,,,-0.1974,-0.1913,,-0.3361,-0.037,-0.1923,-0.0619,
,,,,0,0,0,0,0,0,0,0,0,0,0,0,0,0,0,0,0,0,0,0,0,0,0,,,,,,,,,
,,,,0,0,0,0,0,-0.2329,0.1607,0.0185,-0.1873,,,,,,,0.1053,-0.0429,,,,,,,,,,,,,,,
,,,,0,0,0,0,0,0,0,0,0,0,0,0,0,0,0,0,0,0,0,0,0,0,0,0,0,0,0,,0,,,
,,,,,0.287,-0.2014,-0.1802,,,,-0.2754,,,,,,-0.2958,,0.4872,,,,,,-0.0112,,,,,,,,,-0.1326,
,,,,0,0,0,0,0,0,0,0,0,0,0,0,0,0,0,,,-0.5841,-0.1461,0.2105,,,,-0.2149,,-0.2078,,0,,-0.16,,
,,,,1.1827,-0.1762,-0.2299,-0.1458,,,,-0.2079,,0.08,-0.1667,,,,,,,,,,,,,,,,,,,,,
,,,,1.5522,-0.2222,-0.2895,-0.164,-0.0127,-0.1282,-0.0515,0.031,-0.2256,-0.3301,-0.2754,-0.06,0.1702,-0.2182,-0.1628,0.1667,-0.0952,0.1053,0,0.3571,0.2105,0.1449,0.1646,-0.0217,0.1222,0.0792,0.4679,-0.075,0.9122,,,
,,,,0.8623,0.3346,-0.0204,0.1131,0.0695,0.0375,-0.012,-0.2,-0.1098,-0.0308,-0.2085,0.125,0.4167,-0.6078,-0.1571,0.4068,0.0723,-0.1966,-0.014,0.6028,-0.2478,-0.0647,0.0314,-0.0305,0.5094,-0.35,0.1859,0.0703,,0.433,,
,,,,0,0,0,0,0,0,0,0,0,0,0,0,0,0,0,0,0,0,0,0,0,0,0,0,0,0,0,0,,,,
,,,,0,0.4768,,,-0.0631,-0.3308,,-0.1887,,0.15,,,0.284,-0.1106,-0.1503,,,-0.0228,,,,,-0.0872,-0.1011,,,,,,-0.0825,,
,,,,0.634,0.8297,0.1034,-0.0547,-0.1322,-0.1143,,,,,-0.1863,0.1024,,,-0.1401,,,-0.0476,0.0643,,0.0821,-0.0521,0.195,,,,,,,,,
,,,,0,0,0,0,,-0.14,-0.1744,,,,,,,,,0.1842,,-0.2698,0.5109,0.6906,,,,0.0034,,,,,,,,
,,,,0,0,0,0,0,0,0,0,,0,,0,,,,,,0.24,,,,,0.0168,-0.0055,0.5193,,,,-0.219,,,
,,,,0,0,0,0,0,0,0,0,0,0,0,0,0,0,0,0,0,0,0,0,0,0,0,0,0,0,0,0,,,,
,,,,0,0,,-0.3185,,,,-0.3259,,,,,,,,,,,,-0.0172,,,-0.1633,,,,,,,,,
,,,,0.5532,0.7397,-0.3307,0.0529,0.2179,-0.1881,-0.1356,-0.1111,-0.25,0.0686,-0.1376,0.0638,0.02,,-0.0952,0.1579,-0.1364,-0.0263,,0.2346,,,,,,,,,,,,
,,,,0,0,0,0,0,0,0,0,0,0,0,0,0,0,0,0,0,0,0,0,0,0,0,0,0,,,,,,-0.0685,
,,,,0,0,0,0,0,0,0,0,0,0,0.3265,-0.0667,0.6484,-0.2767,0.2396,0.0037,0.0593,-0.1329,0.1694,0.0241,-0.1582,0.096,-0.1168,0.0289,,,,,,,,
,,,,,0.433,-0.1079,-0.0242,,,,-0.203,,,-0.3505,0.2169,0.0435,-0.1,-0.1574,0.3297,0.3554,-0.0488,0.2917,0.201,0.0537,0.1373,,-0.1196,-0.4352,0.1692,-0.0193,-0.0852,0.2115,0.2663,-0.0164,
,,,,0,0,0,0,0,0,,0.2825,,,,,,,,,,,,,,,,,,,,-0.0952,,,,
,,,,,0.2825,-0.1013,-0.1127,,,,,,,,,,,,,,,,,,,,,,,,,,,,
,,,,1.871,0.9101,-0.0392,0.0204,-0.158,-0.4394,-0.2076,-0.1604,-0.2994,-0.0636,-0.1553,0.2989,,-0.1493,,,,,0.0957,,,0.0067,,,,0.1339,,-0.0189,0.135,,,
,,,,0.1088,-0.0061,0.0062,-0.092,-0.0203,-0.1586,-0.2213,-0.1684,-0.2911,-0.125,-0.3673,0.1613,0.75,-0.254,,,,-0.1429,0.1042,0.8868,0.13,0.4513,,0.2112,,0.0569,0.1614,0.0347,,-0.0746,-0.2015,
,,,,0,0,0,0,0,,,,,,,,0.2714,,,,,,,,,,,,,,,,,,,
,,,,0,0,0,0,,,,0,,-0.392,0.0263,,,,,,,0.7833,,,,,,0.5385,,,,-0.5123,,,,
,,,,,0.3226,0.25,-0.1707,,,,,,,,,,,,,,,,0.1361,,,,,,,,,,,,
,,,,0,0,0,0,0,0.6,-0.3438,-0.2143,-0.3636,,,,,,,,,,,,,,,,,,,,,,,
,,,,0,0,0,0,0,0,0,0,,0.0273,,,,,,,,,,,,,,,,,,,,,,
,,,,0,0,0,-0.1241,-0.26,-0.3943,,-0.0642,-0.1814,0.1018,0.0707,,0.6601,-0.3095,,,,,,0.1585,-0.1263,,,-0.3111,,,,-0.1818,-0.0648,,-0.0418,
,,,,0,0,0,0,,,,-0.1324,,,,,,,,,,,,,,,,,,,,,,,,
,,,,0.7937,0.3363,-0.0066,-0.1333,0.2462,,,-0.0842,-0.1839,-0.1972,-0.2632,0.1429,,,-0.2432,,,,,,,,,,,,,,,,,
,,,,0,0,0,0,,0,0,0,,,,,,,,,,,,,,,,,,-0.1176,0.0133,0.0263,,,,
,,,,0,0,0,0,0,,,,,,,0.1684,0.027,-0.1754,-0.1596,,,-0.2857,,,-0.1071,,,,,-0.2609,,-0.1463,0.2429,,-0.0488,
,,,,0.1845,0.1393,0.1655,-0.1358,-0.0571,,-0.0569,,,,,0.0763,,,,-0.0279,,0.125,,0.5068,,,,,,,,0.1518,,0.5244,,
,,,,,0.0718,,-0.1448,,,,0,,0.0404,-0.301,,-0.2449,,,,,-0.2597,,0.2576,,0.1646,,,,-0.2154,,,,,,
,,,,0,0,0,0.1154,-0.5862,-0.3528,-0.1502,0.0758,-0.4131,0.12,-0.4071,0.0843,0.2333,-0.2883,-0.1899,0.4531,-0.0538,-0.2614,0.1692,0.1447,-0.0805,0.05,-0.0238,-0.0732,,,,,,,,
,,,,0,0,0,0,0,-0.0103,-0.3523,0.208,-0.3245,,,,,,,0.15,,,,,,,,,,,,,,,,
,,,,0,0,0,0,0,0,0,,0,,,0.3446,,,,,0.0153,,-0.0432,,-0.2043,,0.1946,,0.0279,,0.2353,-0.2222,,-0.1026,,
,,,,0,0,0,0,,,,,-0.2986,-0.1692,,,,,,-0.0286,,,,,,,,,,,,,,,,
,,,,,0,,,,,,0.01,,,,,,,,,,,,,,,,,,,,,,,,
,,,,1.225,0.573,0.0786,-0.1788,-0.1371,-0.0093,-0.0283,-0.033,-0.261,0.0598,-0.2,0.141,0.0955,-0.1795,0.2344,0.2304,-0.0123,0.0396,-0.02,0.1656,0.0526,0.2417,-0.2886,-0.1189,,,,,,0.4312,,
,,,,0,0,0,0,,,,-0.0218,,,-0.3151,-0.24,,,,,,,,,,,,,,,,,,,,
,,,,,,-0.119,-0.1042,,,,-0.0854,,,,,,,,,,,,,,,,,,,,,,,,
,,,,0.7453,0.1297,0.0287,-0.3256,,,,-0.01,,0.0135,,,,,-0.025,,,,,,,,,0,-0.1014,,,,,,,
,,,,1.3684,0.0074,0.0147,-0.1377,0.1092,-0.2727,-0.2292,-0.1757,-0.2787,,-0.2353,-0.1282,,,-0.2424,,,,,-0.0326,,,,,-0.1563,,,,,,,
,,,,0,0,0,0,0,0,0,0,0,0,0,0,0,0,0,0,0,0,0,0,0,0,0,0,0,0,0,0,,,,
,,,,0,0,0,0,,,-0.0217,-0.2933,,-0.0974,,0.2813,,,,0.1807,,-0.2233,,,,0.0357,,,,,,,,-0.7288,,
,,,,0,0,0,0,,,,0,,-0.0909,-0.164,-0.3301,,,,,,,,,,,,,,,,,,,,
,,,,0.7917,-0.1488,1.6503,-0.0866,,,,-0.1618,,,,,,-0.2021,,,,,,,,,,,,,,,,,,
,,,,,0.4211,-0.0741,-0.04,0.1719,0.5956,,-0.2627,-0.4253,,,0.1233,0.2317,,,,-0.0515,,,,,,,,-0.0503,,,,,-0.0435,,
,,,,0.9437,0.1304,0.25,-0.1282,,,,,,,,,,,,,,,,,,,,,,,,,,,,
,,,,0.5357,0.0174,-0.0114,-0.1445,,,,-0.1491,,,,,,,,,,,,,,,,,,,,0.0952,,,,
,,,,,0.0256,,-0.0581,-0.3973,,,-0.1224,,-0.1287,,0.12,,-0.2294,-0.25,0.3492,,-0.2537,,,,,,,,-0.1852,0.0606,,,,-0.0146,
,,,,0,0,0,0,0,0,0,0,,,,,,,,,,,,,,,,,,,,,,,,
,,,,0,0,0,0,0,0,0,0,0,0,0,0,0,0,0,0,0,0,0,0,0,0,0,0,0,0,,-0.0603,,,,
,,,,0.5478,0.3745,-0.1078,-0.0503,0.0954,-0.1452,0.0755,-0.1509,-0.2025,0.3316,0.07,-0.5236,0.4198,0.1237,-0.4593,0.6726,-0.1534,-0.2688,-0.1453,0.7,-0.0529,0.3168,0.3726,0.1615,-0.3195,0.013,-0.0515,0.009,-0.0897,0.1724,0.0252,
,,,,0,0,0,-0.2049,0.2715,-0.2703,-0.3222,-0.1366,-0.3101,-0.2202,-0.0824,-0.2179,-0.0328,-0.322,-0.225,0.1613,-0.1111,-0.2188,0.4,0.2286,0.093,0.383,0.0769,-0.0286,0.0735,-0.0411,0.0571,-0.0676,0.1449,0.0886,-0.0581,
,,,,0,0,0,0,,,,-0.1547,0.0077,-0.1611,,0.0053,,0,,,-0.2308,-0.2182,,,-0.1667,-0.07,,0.128,,0.1429,,0.2467,0.369,,,
,,,,0,0,0,0,,-0.0676,0,,0,,-0.3178,0.1986,,,,0.4931,-0.314,,-0.0066,0.07,-0.162,,0.1096,0.0525,0.0704,0.1507,0.3095,0.2091,0.1504,-0.2941,0.0704,
,,,,0,0,0,,0,0,,-0.0915,,,,,,,,,,,,,,,,,,,,,,,,
,,,,,0.7854,-0.0987,0.0357,,,,0.0029,,,,0.0976,,,,,,-0.0876,,-0.0164,,,-0.068,-0.1042,,,,-0.0225,,,-0.1141,
,,,,0,0,0,0,0,0,0,0,0,0,0,0.144,,,,0.0984,,,-0.0305,,-0.1097,0.0145,-0.0857,0.1016,,0.029,,0.0355,,,-0.098,
,,,,0,0,0,-0.1159,0.3079,-0.3753,-0.3657,-0.1882,-0.2029,,,-0.2872,0.0448,,,,,,,,-0.0435,,,,,,,,,,,
,,,,1.25,-0.4007,-0.1798,-0.089,-0.0677,-0.0403,,-0.0654,,0.0909,0.2037,,,,,,,,,0.1145,,,,,,,,,,,,
,,,,0,0,0,0,0,0,0,0,-0.3178,-0.1932,-0.0986,-0.2344,0.1837,-0.3103,-0.175,0.1818,-0.0513,-0.0541,0.4571,-0.0196,0.02,0.1176,-0.0526,-0.2407,0.0732,0.0909,0.2292,0.2203,0.1528,,,
,,,,0.9524,0.252,-0.3312,-0.1845,0.1071,-0.1505,-0.2405,0,-0.45,-0.0303,-0.0938,-0.1034,-0.0385,0.04,-0.0385,,,,,,,,,,,,,,,,,
,,,,0,0,0,0.1662,0.2899,-0.1429,0.4667,0.2576,0.2169,0.0594,,-0.042,,-0.0495,,0.2727,,,,0.2364,,,,0.0621,,-0.0417,-0.1304,0.0286,,-0.0072,,
,,,,0,0,0,0,0,0,0,0,0,0,0,0,0,0,0,0,0,0,0,0,,0,,,,-0.1538,,,0.1467,0.6744,,
,,,,0,0,0,0,0,0,0,0,0,0,0,0,0,0,0,0,0,0,0,0,0,0,0,0,0,,,,,,,
,,,,0.5233,0.2824,-0.0536,-0.1635,0.1654,-0.1419,-0.0977,-0.15,-0.2157,-0.1375,-0.029,0.0299,0.0725,-0.0541,-0.0286,-0.0147,0,-0.1343,0.1552,0.0149,-0.2059,0.2963,,-0.0145,,,,,,,,
,,,,0.713,0.5541,0.2522,-0.0278,0.3286,-0.1022,-0.0659,-0.0256,-0.1579,-0.2969,0,0,-0.1489,-0.1671,-0.0784,0.0034,,,,,,,,,,,,,,,,
,,,,0,0,0,0,0,0,0,0,0,0,0,0,0,0,0,0,0,0,0,0,0,0,,,,,,,,,,
,,,,0,0,0,0,0,0,,,-0.064,,-0.265,,,-0.2303,,,0.1318,,,0.3,,,,,,,,,,,,
,,,,0,0,0,0,0,0,0,0,0,0,0,0,0,0,0,0,0,-0.1353,-0.2565,0.1462,-0.102,0.0511,-0.027,0,0.0556,,,,,,,
,,,,0,0,0,0,0,0,-0.1011,-0.1,-0.4361,0.3842,0,0.2811,-0.0417,-0.0464,0.0851,0.0644,0.2395,-0.087,0.0698,0.2826,-0.1102,0.2381,0.1692,-0.3224,-0.0097,-0.0216,0.0721,0.1495,0.0976,0.2815,,
,,,,0,0,0,0,0,0,0,0,0,0,0,0,0,0,0,0,0,0,0,0,0,0,0,0,0,0,0,0,0,0,,
,,,,,0.0778,-0.1753,-0.05,,,,,,,,,,,,,,,,,,,,,,,,,,,,
,,,,0,0,0,0,0,-0.0364,-0.0283,-0.0777,-0.2737,-0.2174,-0.037,-0.1346,0.1111,-0.06,-0.1915,0.2632,0.0208,0.0204,0.16,0.3103,0,0.3816,0.7143,0.2333,0.0856,0,0.112,-0.0112,0.1925,0.1266,-0.1124,
,,,,0.5563,1.1053,0.5313,-0.0612,-0.4384,-0.1742,0.0156,-0.1231,-0.614,0.0545,-0.3966,0.0786,,,,,,,,,,,,,,,,,,,,
,,,,0,0,0,0,0,,,-0.3597,,-0.3051,,,,,0.25,,,,,,,,,,-0.0889,,,,,,,
,,,,0,0,0,0,,,,-0.1471,-0.2759,,,0.3415,,,-0.2547,,,,0.2614,,-0.186,0.1238,-0.2881,,,,,,,,,
,,,,,0.3415,-0.0364,-0.0472,,,,-0.117,,-0.1636,,,,,,,,,,,,,,,-0.0897,,,,,,,
,,,,,0.9111,0.2209,-0.2762,,,,,,,-0.575,,,,,,,,,,,,,,,,,,,,,
,,,,0,0,0,0,,,,0,,0.2692,,,,,,,,,,,,,,,,,,,,,,
,,,,0,0,0,0,0,0,0,0,0,0,0,0,0,0,0,0,0,,,0,0,0,,0,,0,,0,,,,
,,,,0,0,0,0,0,0,0.0057,0.1829,-0.1787,0,0,,,,,,,,,,,,,,,,,,,,,
,,,,0,,0,0,,,,-0.0424,,,-0.2753,,,,,,,,,,,,,,,,-0.1563,,,,,
,,,,0.8455,0.5271,-0.2097,-0.0694,0.0395,-0.1899,-0.1146,-0.1471,-0.2897,0.2621,-0.0846,0.1345,-0.0741,-0.088,0.0088,0.3565,0.5449,-0.1494,0.0683,0.0046,,,-0.0084,-0.0975,,,,,,,,
,,,,not found: PLX,not found: PLX,not found: PLX,not found: PLX,not found: PLX,not found: PLX,not found: PLX,not found: PLX,not found: PLX,not found: PLX,not found: PLX,not found: PLX,not found: PLX,not found: PLX,not found: PLX,not found: PLX,not found: PLX,not found: PLX,,not found: PLX,,,not found: PLX,not found: PLX,,not found: PLX,,,not found: PLX,,not found: PLX,not found: PLX
,,,,,0.6338,-0.0474,-0.0317,,,,-0.3007,,,,,,,,,,,,,,,,,,,,,,,,
,,,,0,0,0,-0.0877,-0.2115,-0.1683,-0.0352,0.0942,-0.0417,0.0145,-0.1029,0.0573,0.0843,-0.0222,-0.233,0.163,-0.0828,0.0139,0.1952,0.3754,-0.2521,0.0251,-0.0897,,,,,,,,,
,,,,0,0,0,0,0,0,0,0,,,,,,,,,,,,,,,,,,,,,,,,
,,,,0,0,-0.1946,-0.0566,0.049,-0.0026,-0.0313,-0.0054,-0.1676,-0.026,-0.2167,0.1489,0.1333,-0.134,0.0189,0.0926,0.0407,-0.0391,0.0915,-0.0155,,0.1296,-0.0984,-0.2145,,-0.1505,0.04,-0.1209,,,,
,,,,,0.2,-0.1989,-0.0872,,,,-0.0625,,,,,,,,,,,,,,-0.0241,,,,,,,,,,
,,,,0.8353,-0.0705,-0.1034,-0.1846,0.1038,-0.0769,-0.1852,-0.1023,-0.1646,-0.0758,-0.0328,,0.25,0.0533,-0.0759,,,,,,,,,,,,,,,,,
,,,,,-0.1418,,,,,,,,,,,,,,,,,,,,,,,,,,,,,,
,,,,0,0.0362,-0.1399,-0.1382,0.0943,-0.3966,,-0.0559,,0.3333,,0.1521,0.0122,-0.2754,0.0633,-0.0345,-0.1331,,,,0.1032,,,-0.0905,,,0.1969,0.162,0.4381,,-0.0227,
,,,,0,0,0,0,0,,-0.1652,-0.1604,,,-0.2029,,-0.0292,-0.0301,,0.0333,0.0887,-0.0741,0.016,,,,,,-0.1364,-0.0921,,-0.0857,0.4531,,,
,,,,0.5838,0.0239,-0.3433,-0.0863,-0.0444,,,,,,,,,-0.1193,,,,,,,,,,,,,,,,,,
,,,,0,0,0,0,,-0.3902,,-0.32,,,,,,-0.197,,,,,0.0943,,,0.25,,,-0.2727,,,,0.0909,-0.2292,,
,,,,0,0,0,0,0,0,0,0,0,,,,,,,,,,,0.1716,,,,,,,,,,,,
,,,,,0.0082,-0.0488,-0.1624,,,,-0.068,,,,,,,,,0.0755,,,,,,,,,,,,,,,
,,,,0,0,0,0,0,0,0,-0.16,-0.3905,0.3125,-0.4048,-0.06,0.2128,-0.3684,-0.3333,0.5417,-0.1892,-0.3333,0.55,-0.129,0.1852,0.25,-0.15,-0.1471,-0.2414,-0.1364,-0.1053,0.1765,,,,
,,,,0,0,0,0,0,0,0,0,0,0,0,0,0,0,0,0,0,0,0,0,0,0,0,0,0,0,0,0.9083,,,,
,,,,0.3704,0.2905,-0.0785,-0.358,,-0.0941,0.0823,-0.03,,-0.1489,-0.095,0.0773,-0.0795,-0.0195,-0.0341,0.1618,0.2658,0.17,0.188,0.1727,0.0307,0.1726,-0.2335,-0.2318,-0.1121,-0.2951,-0.1377,-0.2013,0.264,-0.1994,-0.1344,
,,,,0.6846,-0.0137,-0.2222,-0.2619,0.1371,-0.0851,-0.1783,-0.1321,-0.4674,,-0.1818,,0.3902,,-0.1778,,0.1875,,0.7692,0.2522,-0.0972,,,,-0.1727,,-0.0463,-0.0194,0.2871,0.1231,,
,,,,0,0,0,0,,,,-0.2237,,0.1538,,0,,,,,,,,,,0.3585,,-0.1875,,,,,,,,
,,,,0,0,0,0,,,,,,,,,,,,0.4706,,,,,,,,,,,,,,,,
,,,,0,0,0,0,,,,-0.1604,,,,,,,,,,,,,,,,,-0.1163,,,0.1579,,,,
,,,,0,0,0,0,0,0,0,0,0,0,0,0,0,0,0,0,0,0,0,0,0,0,0,,-0.0726,,,-0.2952,,-0.1111,,
,,,,0,0,0,0,0,0,-0.1,-0.1418,,,-0.3073,0.0915,,,-0.2235,,,-0.1013,-0.0704,0.1061,,-0.1031,,,,-0.2055,,-0.1818,,,,
,,,,1.0816,-0.0065,-0.0658,-0.0352,0.0036,-0.1636,,,,,,0.5254,0.2037,,,,0.2353,,,,,,,,-0.0302,,,,0.0522,,,
,,,,0,0,0,-0.1667,,,,-0.0993,,,,,,,,,,,,,,,0.2329,,,,,,,,,
,,,,1.6784,0.0852,-0.0543,-0.0468,0.0938,-0.651,-0.1111,-0.0789,,,,,0.2615,,,0.3082,,,,,,0.1667,,,,,,,,,,
,,,,1.5686,0.1323,-0.2989,0.0256,-0.0719,-0.4949,-0.0733,0.0216,-0.3239,-0.0625,-0.3,-0.1111,0.2857,-0.1944,0.1034,0,-0.1094,0,0.1053,0.1429,0.1111,0.25,0.76,-0.3466,-0.1565,-0.134,0.4167,-0.0168,,,,
,,,,,0.2701,,,,,,-0.215,,,,,,,,,,,,,,,,,,,,,0.1512,-0.1111,,
,,,,0.7133,0.2735,0.2821,-0.0125,-0.1392,-0.2412,0.1628,0.0967,-0.076,-0.2763,-0.1909,-0.0449,-0.3765,-0.2264,-0.1951,0.1061,0.2055,-0.0682,0.6098,0.2348,-0.0859,-0.0604,-0.0857,-0.0156,,,,,,,,
,,,,0,0,0,0,0,0,-0.0698,-0.05,-0.3289,0,-0.2157,0.175,0.2553,-0.1695,-0.1837,0.8,0.0972,-0.2532,0.1695,0.4638,-0.0495,0.1146,0.1121,-0.0756,-0.0818,-0.0396,-0.0412,0.0215,0.0316,0.0408,,
,,,,0,0,0,0,0,0,0,0,0,0,0,0,0,0,0,0,0,0,0,,,0,,0,,0,0,,0,,,
,,,,1,0.4151,-0.2133,-0.0339,0.0439,-0.084,0.1101,0.0331,-0.2,0.33,-0.1729,,0.3643,-0.2094,,0.2074,,,-0.0079,,,,,,,,,,,0.1073,-0.3077,
,,,,1.0207,0.2949,0.2871,-0.1308,,,,,,,-0.4318,,,,,,,,,,,,,,,,,,,,,
,,,,,0.2733,0.2408,0.1392,0.1481,,,,,,,0,,,-0.0606,,,-0.0595,,0.4434,,,,,,,,0.1602,,,,
,,,,0,0,0,0,0,0,,-0.1992,,,,-0.1282,,,,1.1667,,,,,,,,,,0.0704,,,,,,
,,,,0,0.3386,-0.4118,0.02,-0.0098,,-0.0811,0,,,,-0.1106,,,,,,,,,-0.1209,,,,,,,,,,,
,,,,0,0,0,0,0,0,0,0,0,0,0,0,0,0,0,0,0,0,0,0,0,0,0,0,,,,,,,,
,,,,2.0435,,-0.2305,-0.0963,,,,-0.0889,,0.0763,-0.0709,,,,,,,,0.2811,,,,,,,,,,,,,
,,,,,-0.052,-0.0392,-0.0776,,,,-0.1121,,,,,,,,,,,,,-0.0278,0.3143,0.1087,0.0196,,,,,,,,
,,,,0,0,0,0,0,0,0,0,0,0,0,0,0,0,,,,,,,,,,,,,,,,,,
,,,,0,0,0,0,,,,-0.0973,,,,,,,,,,,,,,,,,,,,,,,,
,,,,0,0,0,0,0,0,0,-0.0169,-0.1207,-0.2353,-0.1026,0.2,0.3095,-0.0364,0.0189,0.4444,0.0385,0.0123,0.1098,0.2637,0.0348,0.3025,0.329,-0.0971,0.0645,-0.0808,,-0.026,,,0.0105,
,,,,0,0,0,0,0,0,0,0,0,0,0,,0,0,,,,,,,,,0.2623,,,,,,,,,
,,,,,0.1497,,-0.0465,,,,,,,,,,,,,,,,,,,,,,-0.0804,,,,,,
,,,,,0.9367,-0.5163,0.0068,,,,-0.0467,,-0.0473,-0.4603,0.5828,,-0.3359,-0.251,,,-0.3151,0.5,0.6067,,0.4208,-0.0192,-0.0196,,-0.0968,0.1276,-0.0588,,,,
,,,,0,0,0,0,0,0,0,0,0,0,0,0,0,0,0,0,0,0,0,,0,0,-0.0111,,0.3889,-0.056,0.4915,0.2273,0.213,-0.2939,-0.2216,
,,,,0,0,0,0,0,0,,,,,,,,,,,,,,,,,,,,,,,,,,
,,,,0.9345,0.16,-0.2175,0.0034,,,,,-0.21,-0.1139,-0.3857,0.1279,0.3402,0.0538,-0.073,,,-0.3107,,,-0.1774,,,,-0.0909,,0.0984,,,,,
,,,,0,0,0,0,0,,,,,,,,,,,,,,,,,,,,,,,,,,,
,,,,0,0,0,0.0085,,,,0.0461,,,,,0.9753,,-0.1103,0.2558,,,,,,,,,,,,,,,,
,,,,,0,0,-0.0299,,,,-0.1213,,,-0.0688,,,0.0202,,,0.3194,,-0.4192,-0.033,,,,,,,-0.0197,0,,0.1983,,
,,,,0,0,0,0,0,0,0,0,0,0,0,0,0,0,0,0,0,0,0,0,0,0,0,0,,,,,,,,
,,,,1.1029,0.6168,-0.1261,-0.2327,,-0.0851,-0.3651,-0.1685,-0.185,,,,,,,,,,,,,,,,,,,,,,,
,,,,1.757,0.2966,0.0196,0.1026,-0.564,-0.2533,-0.1179,,-0.3279,0.2378,-0.2069,,,-0.1296,,,0.0497,-0.1421,,,-0.0659,,,,-0.2161,0.2103,,,,,-0.0701,
,,,,,,-0.0313,,,,,-0.2043,,,,,,,,,,,,,,,,,,,,,,,,
,,,,0.7905,0.4755,-0.3504,-0.0748,-0.1234,-0.2087,-0.0982,-0.0204,-0.1875,0.1966,0.0286,0.5625,0.1244,-0.2095,-0.08,0.1739,-0.1759,-0.0506,0.0237,0.2312,-0.0376,-0.0537,-0.0412,0.043,-0.067,-0.0829,,,0,,,
,,,,0,0,0,0,,0.1645,,0,,0.1065,,,,,,,,,,,,-0.2355,,-0.0236,,,,,,,,
,,,,0,0,0,0,,0,0,0,,,,,,,,,,,,,,,,,,,,,,,,
,,,,0,0,-0.1538,-0.1766,,,-0.2692,,-0.1296,,,-0.0802,,,,,,,,,,,,,,,,,,,,
,,,,0.4604,0.1675,0.1392,-0.1111,,,,,,,,,,,,,,,,,,,,,,,,,,,,
,,,,0,0,0,0,0,0,0,0,0,0,0,,,,,,,,,,,,,,,,,,,,,
,,,,0.0133,0.5789,0.1583,-0.4245,,-0.3499,-0.1525,-0.16,,,,,,,,,,,,,,,,,,,,,,,,
,,,,0.8364,0.5281,-0.4665,0.2632,0.0417,,,,,-0.0492,,,,,,,,,,,,,-0.0646,,-0.0556,,,,0.358,,0.1811,
,,,,0,0,0,-0.1209,,,,0.0323,,,,,,,,,,,,,,,,,,,,,,,,
,,,,0,0,0,0,,,,0.0476,,,,,,,,,,0.0526,,,,,,,,,0.1628,-0.0133,,,,
,,,,,0.1786,0.1091,-0.1585,,,,-0.0259,,,,,,,,,,,,,,,,,,,,,,,,
,,,,0,0,0,0,0,-0.2875,-0.0351,-0.0636,-0.2136,-0.1605,0.4706,0.03,,,,,,,-0.0099,,-0.0325,,0.0776,,,,,0.0561,,,,
,,,,0.7241,0.05,-0.0952,-0.1263,,,,0.0361,,,,0.1698,,,-0.0816,,,-0.1081,,,,,,,,,,,,,,
,,,,0,0,0,0,0,0,0,0,0,0,0,0,0,0,0,0,0,0,0,0,0,0,0,0,0,0,0,0,0,0,0,
,,,,,0,0,0.368,,-0.1333,,0.0638,,0.1911,0.0116,0.2299,,0.0471,0.0914,0.1,,-0.0084,0.0365,-0.3711,-0.09,0.3154,-0.3367,-0.0365,,,-0.1277,0.0694,,,,
,,,,0,0,0,0,0,-0.2167,-0.2833,-0.4047,-0.3828,0.0127,0.0875,,,,-0.1647,,,-0.3429,,,,,,-0.1081,0.0202,-0.2772,-0.1096,,,,,
,,,,1.0328,0.3226,0.1159,-0.3661,-0.0431,-0.355,-0.1648,-0.0803,-0.4,0.0909,-0.3278,0.1736,0.2535,-0.2809,-0.3125,0.5,,,,,,0.1192,,,,,,-0.0519,,,,
,,,,0,0,0,0,0,0,0,-0.1064,,,,,,,,,,,,,,,,,,,,,,,,
,,,,0,0,0,0,0,0,0,0,,,,0.1717,,,,,,,,,,,,,,,,,,,,
,,,,0,0,0,-0.1032,,-0.0866,-0.181,,-0.1771,,,,,,,,,,,,,,,,,,,,,,,
,,,,0,0,0,0,,,,,,,,,,,,,,,,,,,,,,,,,,,,
,,,,0,0,0,0,0,0,0,0,0,0,0,0,0,0,0,0,,,,,,,,,,,,,,,,
,,,,0,0,,-0.1016,,,,-0.0026,,,,,,,,,,,,,,,,,,,,,,,,
,,,,0,0,0,0,0,0,-0.0933,-0.0846,-0.0361,-0.1917,-0.299,0.1838,0.2733,-0.0634,0.0052,0.3472,0.1538,0.2167,0.0685,0.2769,-0.1787,0.1345,0.1422,0.0283,0.211,0,0.2879,-0.1529,,0.2674,-0.0459,
,,,,0,0,0,,,,,,,,-0.2254,,,,-0.2407,,0.2881,,,,,,,,,,,-0.25,1.3939,,,
,,,,0,0,-0.1176,-0.0056,-0.1285,-0.1667,,-0.0192,,,,,,-0.1228,0.2,0.1917,0.1189,-0.1,,0.122,0.0652,,,,,-0.0172,-0.0421,,,,,
,,,,-0.0915,0.1477,-0.0205,-0.0448,0.0313,-0.1788,0.0295,-0.0323,,0.15,,0.7834,-0.0357,,-0.2852,0.2073,,,,,,,,,,,,,,,-0.0596,
,,,,0,0,0,0,0.2396,,,-0.1156,,,,,,,,,0.1569,-0.1017,,,,,,,,,,,,,,
,,,,,-0.0906,-0.2337,-0.05,0.8263,,,-0.0836,-0.3254,0.3412,-0.1667,,,,-0.0848,0.1391,0.2093,0.0048,0.1292,,,,,,,,,,,,,
,,,,1.2923,0.1141,-0.0482,-0.1266,0.2246,0.0296,-0.0747,-0.0621,-0.106,0.0815,-0.1233,0.0703,0.2482,-0.0409,-0.0976,,-0.1371,,,,,,,,,,,,,,,
,,,,0,0,0,0,,,,0.0156,,,,,,,,,,,,,,,,,,,,,,,,
,,,,1.3214,0.2692,-0.1697,0.1533,-0.0063,,,-0.1304,,0,-0.0714,,,-0.1,,,,-0.2752,,,,,,,,,,,,,,
,,,,0.8333,0.0758,-0.2394,-0.037,-0.0288,-0.1584,-0.0118,0.25,-0.2,-0.0119,-0.0843,0.2605,0.524,0.0685,0.0577,0.2364,-0.0637,-0.2356,0.0685,0.1154,-0.1437,-0.0201,0.0068,0.0612,0.0641,-0.012,0.0061,0.103,0.3846,,,
,,,,1.4757,0.452,-0.0075,0.0455,,,,-0.0078,-0.2913,,-0.1425,,,,,,,,,,,,,,,,,,,,,
,,,,2.4478,0.5195,0.1111,-0.0692,0.0579,,,-0.0931,,,,,,,,,,,,,,,,,,,,,,0.1463,,
,,,,0.6157,0.0997,-0.2558,-0.0469,,,0.0779,-0.0904,,,0.178,,,-0.4211,-0.1667,0.0182,0.0179,0.0877,,,,,,,,,,0.3286,,-0.4444,,
,,,,0.9263,0.459,0.0412,0.0683,,,-0.199,-0.2038,,0.0125,-0.321,0.2727,0.2714,-0.4045,-0.1509,,-0.0656,,,,,,,,,0.6373,0.4731,,0.2059,,,
,,,,0,0,0,0,0,0,0,-0.0588,-0.2292,0.0541,-0.3718,0.449,0.0845,0.013,-0.0256,0.0921,,-0.0455,,,,,,,,,,,,,,
,,,,0,0,0,0,0,0,0,0,0,0,0,0,0,0,0,0,0,0,0,0,0,0,0,0,0,0,0,0,0,0,0,
,,,,0,0,0,0,0,0,0,0,0,0,0,0,0,0,0,0,,,0,,,0,0,,,,0.008,,,,,
,,,,0.6949,0.2,-0.1417,-0.2136,0.0617,-0.1395,,,,,,,0.3333,,,,,-0.0952,,0.2586,,,,,,,,,0.4167,,,
,,,,0,0,0,0,0,,,-0.05,,,,,,,,,,,,,,,-0.0159,-0.1774,,-0.025,,,0.3226,-0.3415,,
,,,,1.3537,0.4197,-0.1387,-0.1695,0.9388,-0.4553,-0.0725,-0.2135,-0.3775,-0.0426,-0.1444,0.1688,0.1778,-0.1132,-0.0638,0.2273,-0.0278,-0.0381,0.1188,0.531,-0.2543,0.1938,0.1299,0.0632,0.0162,,0.0879,,,,,
,,,,0,0,0,0,0,0,0,0,0,0,0,0,0,0,0,0,0,0,0,0,,,,,,,-0.0417,0.0807,,,,
,,,,0,0,-0.2017,0.0675,-0.1673,-0.0588,-0.1198,-0.0414,,-0.0179,-0.1927,0.2252,,-0.1593,-0.0605,,,-0.2006,,0.0737,,-0.0345,-0.0107,0.3863,,,0.0094,-0.0443,,0.1563,-0.3481,
,,,,0,0,0,0,0,0,0,0,,0.3534,0.0556,,,,,,,-0.2444,,,,,,,,,,,,,,
,,,,0,0,0,0,,,,,-0.0873,,,,0.0221,,,-0.0329,0.3351,-0.0588,,0.0656,-0.1209,,0.1414,,,,,,,,-0.1122,
,,,,,0.8608,-0.0435,-0.1636,,-0.0078,-0.2147,-0.1867,0.1148,,0,,,,,-0.1226,0.1581,-0.3238,,,,0.5839,-0.2647,,,,-0.0566,,,0.6372,-0.1532,
,,,,1.3636,0.2692,0.0152,-0.1269,,,,-0.2,,,,,,,,,,,,,,,,,,-0.2421,,-0.3467,,-0.3478,-0.1167,
,,,,,-0.0373,0.814,-0.235,,,0.2857,,,0.0631,-0.2924,,-0.019,,,,,-0.0809,0.104,0.1087,-0.1046,-0.146,,0.0248,-0.0404,-0.1263,0.0313,0.0304,,-0.0838,-0.1268,
,,,,0.4872,0.1466,0.0075,-0.097,0.157,-0.1429,-0.1417,-0.1553,,,,,,,,,,-0.1538,,,,,,,,,,,,,,
,,,,0,0,0,0,0,0,0,0,0,0,0,0,0,0,0,0,0,0,0,0,0,0,0,0,0,0,0,0,0,0,0,
,,,,0.988,0.1455,0.4339,-0.2694,-0.0051,-0.3147,-0.2519,0.0198,-0.3689,,,,,,,,,,,,,,,,,,,,,,,
,,,,0,0,0,0,0,0,0,0,0,0,0,0,0,0,0,0,0,0,0,0,0,0,0,0,0,,,,,0.2143,-0.2941,
,,,,,1.4068,0.0845,-0.3506,,-0.3969,,,,,-0.235,,-0.0496,,,0.8525,,,,-0.1379,-0.22,0.2564,,,-0.2125,,0.0597,-0.169,0.7458,,0.3069,
,,,,0,0,0,0,0,0,0,-0.0432,-0.0977,,,-0.1981,,-0.0606,,,,,,,,,,,0.4526,,,,,0.1607,-0.0462,
,,,,,0.4179,-0.1947,-0.0065,,,,-0.1875,,,,,,,,,,,,,,,,,,,,,,,,
,,,,0,0,0,0,0.26,0.3492,-0.0471,-0.0123,,,,,,,,,,,,,,-0.1682,,,,,,,,,,
,,,,0,0,-0.2138,-0.0351,-0.1409,,,-0.0638,,,,,,,,,,,,,,,,0.041,,,,,,,,
,,,,0.1812,0.7955,-0.5032,0.0828,0.0412,0.0056,-0.0506,0.0473,0.1525,0.2353,-0.2738,-0.0055,-0.0495,0.2139,0.2286,-0.2016,0.301,-0.0299,0.0923,-0.007,-0.1277,-0.0976,-0.1081,0.0909,-0.0278,-0.0476,0.24,0.0323,0.1094,0.0986,-0.1154,
,,,,1.2431,0.6873,-0.1284,0.0526,-0.26,-0.1865,-0.0365,-0.1103,,0.3816,-0.0476,0.05,0.0571,0.1261,-0.044,0.3054,0.0417,0.2585,0.2225,,-0.1207,0.0465,0.0667,-0.0979,-0.1085,-0.158,-0.0769,,-0.1166,0.292,0.0093,
,,,,0,0,0,0,0,0,0,-0.1531,,-0.1321,,,,,,0.5,,-0.3,,,,,,,,,,,,,,
,,,,,,0,-0.0155,,,,-0.2642,,-0.2734,-0.3226,-0.1746,,,,,,,,,,,,,,,,,,,,
,,,,0.6949,0.07,-0.1028,-0.1042,,0.0851,,,,,,,,,,,,,,,,,,,,,,,,,,
,,,,0,0,0,0,,,,,,,-0.1346,,0.1139,-0.2614,,-0.04,,0.0217,,,,,,,,,,,,,,
,,,,0.716,0.3309,-0.0595,0.0345,,,,0.065,,,,,,,,,,,,,,,,,,,,,,,,
,,,,0.2112,0.4079,-0.5491,-0.1813,,-0.0929,-0.0551,0.0167,,0.1379,0.0606,-0.0667,0.2755,-0.152,0.0189,0.0463,0.3363,,0.1221,,,-0.1084,-0.0473,,,-0.0071,0.1929,-0.0539,,0.0694,,
,,,,0,0,0,0,0,,,,,,,,,,,,,,,,,,,-0.15,,,-0.008,,,,,
,,,,0.0938,0.15,0.0932,-0.0909,0.0375,,,,,,,,,,,,,,,,,,,,,,,,,,,
,,,,0.686,0.0276,-0.1007,-0.1642,,-0.1301,-0.1869,-0.1034,-0.3205,-0.0566,-0.16,,0.1875,,,,,-0.1522,,,,,,,,,,,,,,
,,,,,,-0.2349,-0.0082,-0.137,,,0,-0.0804,,,0.1929,,,,,,,0.013,,,,-0.0194,,0.1353,-0.0518,,,-0.066,,0.0611,
,,,,0,0,0,0,0,0,0,0,0,0,0,0,0,0,0,0,0,0,0,0,0,0,0,0,,,,,,,,
,,,,0,0,0,0,0,0,0,0,,,,,,,0.2105,,,-0.1298,0.2281,0.5714,,,,,,,,,,,,
,,,,0,0,0,-0.1569,,,,-0.2512,,,-0.0096,-0.0291,,-0.1739,,-0.3396,,,,,,,,-0.0424,,,,,,,,
,,,,0,0,0,0,0,0,,-0.1477,,,,,0.2653,-0.3226,-0.2619,,-0.0513,-0.1351,,0.2,,,,,,,,,,,,
,,,,0,0,0,0,0,0,0,0,0,0,0,0,-0.0856,0.0526,0,-0.2778,0.1538,0.64,-0.2683,0.3889,-0.212,0.2386,-0.1803,0.1,-0.0909,0.025,0.1268,0.0952,0.2451,,,
,,,,0,0,0,0,0,0,-0.2606,-0.2571,-0.3974,-0.1702,,,,-0.2581,0,0.2174,,0.04,1.5769,-0.2836,,,,,,,,,,,,
,,,,0,0,0,0,0.0552,,,,,,-0.2923,,,-0.3409,0.069,,,,,,,,,0.075,,,,,,,,
,,,,0,0,0,0,0,0.1606,,-0.2326,,,,,,,,0.2609,,,,,,,,,,,,-0.0105,-0.2128,,,
,,,,0,0,0,0,,,,-0.2319,,,,,,,,,,,,,,,,,,,,,,,,
,,,,,0,0.2,0,0,,-0.0986,-0.2734,,-0.0417,,-0.2353,0.5769,,,0.3448,,,,,,,,,,,,,0,,,
,,,,0,0,0,0,0,0,,-0.0143,,,,,,,,,,,,,,,,,,0,0,0.1698,,,,
,,,,0,0,0,0,0,0,0,0,0,0,0,0,,,-0.0282,0.1739,,0.0556,,,,,,,,,,,,,,
,,,,0,0,0,0,0,0,0,0,0,0,0,0,0,0,0,0,0,0,0,0,0,0,0,0,0,0,0,0,,,,
,,,,,0.2,0.4531,0.0143,,,,,,0.1696,-0.2214,,,,0.2162,,,,,,,,,,,,,,,,,
,,,,0.4902,0.1974,0.2527,-0.0351,,,,,,,,,,,,,,,,,,,,,,,,,,,,
,,,,0.4476,0.1053,-0.1667,-0.0857,-0.0313,-0.1613,-0.1827,-0.1765,-0.3714,-0.0682,-0.1707,0.1765,0.4,-0.2143,,0.4474,0.0364,-0.1404,0.1633,0.2281,0,,0.6235,0.3116,-0.0884,-0.2485,0.1774,0.0137,,0.2482,-0.142,
,,,,0,0,0,0,0.1182,-0.1626,,,,,,,,,,,,,,,,,,,,,,,,,,
,,,,0,0,0,-0.1534,0.0145,0.0643,-0.1946,0.05,-0.246,0.0947,-0.0288,0.1188,-0.0177,-0.1351,0.1458,-0.1182,0,0.0309,0.1,0.1636,-0.1406,0.3273,-0.0685,0.2353,0.369,0.013,0.3391,-0.0224,0.3705,,,
,,,,0,0,0,0,0,0,,0,,-0.2857,0.7091,,,,,,,,,,,,,,,,,,,,,
,,,,0,0,0,0,0,0,0,0,0,0,0,0,0,0,0,0,0,0,0,0,,,,,,,,,,,,
,,,,0,0,-0.4175,0.0267,0.0292,-0.3155,-0.2074,-0.186,-0.2071,0.018,-0.2832,0.1605,0.3191,-0.2742,-0.3444,0.5254,0.4,-0.0873,-0.1565,0.4433,-0.3143,0.0208,0.0408,0.2451,0.063,,,,,,,
,,,,0.8154,0.3814,-0.1963,-0.0916,,,-0.2121,-0.2308,,,,-0.175,,-0.2708,-0.2,,,,0.0141,-0.1111,,0.4231,,-0.046,,,,,,,,
,,,,0,0,0.3235,-0.1111,0,0.015,-0.2759,-0.1701,-0.3525,-0.0127,-0.1026,0.1429,0.0625,-0.0588,-0.0375,0.2338,-0.0842,0.0115,0.2386,0.2018,-0.2366,0.24,-0.0081,0.0732,-0.0303,-0.0156,0.0317,0.0154,,,,
,,,,0,0,0,0,0,0,0,0,-0.1835,0.0337,0.1087,-0.1961,-0.1098,0.0137,0.2703,-0.0532,-0.1011,-0.0375,-0.1039,0.1014,,,,,,,,,,,,
,,,,-0.0909,-0.0571,-0.0455,-0.0952,-0.0351,0.0091,-0.0991,0.04,-0.4808,0.1667,-0.1429,0.1481,0.5806,-0.2551,-0.137,0.3175,0.1928,0.0303,0.0784,0.2182,0.0075,-0.0519,0.0703,-0.1241,0.0833,-0.1692,0.2222,0,,,-0.1481,
,,,,0.4945,0.0662,-0.1241,-0.0709,-0.0169,,,-0.1264,-0.2763,-0.0727,,,,,,0.3548,,,,0.1429,,-0.0545,,0.3425,,,,0,,,,
,,,,2.4685,0.3528,-0.4262,-0.1481,-0.0427,-0.3344,-0.201,0.1916,,0.3968,-0.2727,-0.0078,0.0394,,,0.3696,,,0.11,,-0.1277,,,,,-0.0284,,,,,0.0513,
,,,,0,0,0,-0.0534,,,,-0.0234,,-0.144,0.3925,,,,,,,,,,,,,,,,,,,,,
,,,,not found: C69,not found: C69,not found: C69,not found: C69,not found: C69,not found: C69,not found: C69,not found: C69,not found: C69,not found: C69,not found: C69,not found: C69,not found: C69,not found: C69,not found: C69,not found: C69,not found: C69,not found: C69,not found: C69,not found: C69,not found: C69,not found: C69,not found: C69,not found: C69,not found: C69,not found: C69,not found: C69,not found: C69,not found: C69,not found: C69,not found: C69,not found: C69
,,,,0.2366,0.3391,,,,,,,,,,,,,,,,,0.28,0.0469,,,,,,,,,,,0.1667,
,,,,0,0,0.0256,-0.075,0.0743,0.5472,0.0122,-0.1687,-0.0193,-0.0887,0.2865,0.0924,0.2269,-0.2163,-0.144,0.215,0.2038,-0.2045,-0.1606,0.0526,0.5682,,,,,,,,,,,
,,,,0.2636,0.295,0.0444,-0.1223,0.0667,0.1534,-0.0493,0.0104,-0.2359,0.0336,-0.1429,0.4394,0.2895,0.1061,-0.0775,0.58,-0.2405,-0.2333,0.0913,0.1514,0.083,-0.1885,,,-0.1026,,,0.451,,-0.1488,,
,,,,1.4671,0.0933,0.0488,-0.2372,0.2866,0.1256,-0.4063,-0.2199,-0.4091,-0.1077,-0.4052,0.2899,,,-0.3141,-0.0374,,,0.2159,0.1215,,,2.0429,0,,,-0.162,-0.1,,,,
,,,,0,0,0,0,0,0,0,0,0,0,0,0,0,0,0,0,0,0,0,0,0,0,,,,0.192,0.0336,,-0.1318,,0.1837,
,,,,0.2366,0.087,0.1,0.0291,,,,-0.17,,0.0843,-0.1556,,,,,,,,,,,,,,,,,,,,,
,,,,0,0,0,0,0,-0.2525,-0.2432,0.125,-0.1429,-0.0741,-0.5,0.1,0.4909,0.0976,-0.0889,-0.0488,0.2564,-0.1939,,,,,,0.1458,,,,,,,,
,,,,,0.3203,,,,,-0.2754,,,,,,,,,,,,,,,,,,,-0.1667,,,,0.3333,,
,,,,0,0,0,0,0,,-0.081,-0.3575,-0.3871,-0.1447,,0.0444,,0.0192,-0.4717,0.2143,,,,,,,,-0.0573,,,,,,,,
,,,,0,0,0,0,0,,,-0.2287,-0.3314,0.1565,-0.1353,,,-0.1986,-0.1593,0.0842,0.0874,-0.0804,0.0583,0.2844,-0.2643,,0.1111,0.0583,,,,,-0.0625,,,
,,,,0,0,0,0,0.2199,-0.1116,-0.0773,-0.1623,-0.3125,-0.0636,-0.0097,0.0294,0.1048,0.1034,-0.0703,0.1345,0.0519,-0.0211,0.0791,0.2533,0.1702,-0.0727,0.2353,-0.0913,,,-0.0187,,,,,
,,,,0,0,0,-0.3273,,,,-0.2477,,,,,,,,,,,,,,,,,,,,,,,,
,,,,0,0,0,0,0,-0.1,-0.2802,-0.1678,-0.2177,-0.0412,0.086,-0.0693,,,-0.1481,0.1739,,,-0.1781,0.4167,,,,,,,,,,,,
,,,,0,0,0,0,0,0,,-0.25,,,,,,,,0.1351,,,,0.1,,,0.05,-0.0714,,,,,,,,
,,,,0.152,0.2847,0.0757,0.0603,-0.0521,-0.02,-0.0918,0.1011,-0.0051,0.0256,0.045,-0.1531,-0.1017,-0.044,-0.0461,0.1034,0.0375,0.0422,0.0925,0.2487,0.1653,0.2,0.0606,0.0286,-0.0556,-0.0294,-0.0061,0.0061,-0.0909,,,
,,,,0.0738,0.0229,-0.0448,-0.1406,0.3636,0.08,-0.179,-0.2932,-0.1596,-0.1266,-0.2029,0.1273,0.2903,-0.25,-0.0333,0,0.0862,-0.0159,0.2419,-0.039,0.0405,0.0779,-0.1928,-0.1045,,,,,,,,
,,,,0,0,0,0,0,0,0,0,0,0,0,0,0,0,0,0,0,0,0,0,0,0,0,0,0,0,0,0,,,,
,,,,0,0,-0.3944,,,-0.2822,-0.1624,,,0.3509,,0.1311,,,-0.1507,,,,0.0781,,,,,,,,,,0,,,
,,,,0,0,0,0,0,0,0,0,0,0,0,0,0,0,0,0,0,0,0,0,0,0,0,0,,,,,,,,
,,,,0,0,0,0,0,0,0,0,0,0,0,0,0,-0.2571,-0.2404,0.1646,,,0,0.475,-0.2458,-0.0337,0.186,0.1667,,0.1111,0.3467,0.0099,,,,
,,,,0,0,0,0,,,,0.0547,,,-0.2486,-0.0647,,,,,,,,,,,,,,,,,,,,
,,,,0,0,0,-0.0994,,,,,-0.4375,0.0101,-0.17,,,,-0.1209,,,,,0.8696,,,,,,-0.2016,,-0.1395,,,,
,,,,0,0,0,0,0,0.0943,,-0.105,,,,,,,,0.2353,,,,0.1282,,,,,,,,,,,,
,,,,0,0,0,0,0,0,0,0,,-0.1736,-0.325,,,,,,,,-0.2581,0.0957,,,,,,,,,,,,
,,,,0,0,-0.1074,-0.1278,0.0776,,,-0.215,,,,,,,,,,,,,,,,,0.1111,-0.1167,,,,,,
,,,,0.2885,0.2537,-0.131,-0.0479,0,,,,,,,,,,,,,,,,,,,,,,,,,,,
,,,,0.7955,0.5612,-0.0703,-0.0407,,,,,,,-0.1069,,0.2931,-0.0533,,0.0045,,-0.0829,,,,0.2079,0.127,0.0655,,,0.0656,,,0.0578,,
,,,,0,0,0,-0.1082,,0.063,,-0.0123,,,,,,,,,,,,,,,,,-0.0488,-0.0256,,,,,,
,,,,0,0,0,0,0,,,,,,,,,,,,,,,,,,,,,,,,,,,
,,,,0.6031,,0.0515,-0.0523,,,,,,,,,,,,,,,,,,,,,,,,,,,,
,,,,0.6346,0.4941,0.5748,-0.255,,,,-0.2978,,,-0.2911,0,,,,,,,,0.381,,,,,,,0.0303,0.0294,,,,
,,,,0,0,0,0,0,0,0,0,0,0,0,0,0,0,0,0,0,0,0,0,,,-0.2373,-0.0917,,-0.139,,0.1545,-0.1634,,-0.0696,
,,,,0,0,0,0,0,0,0,0,0,0,0,0,0,0,0,0,0,0,0,0,0,0,0,0,,,,,,,,
,,,,0,0,0,0,0,0,0,0,0,0,0,0,0,0,,0,,,,,,,,,,,,,,,,
,,,,0.4513,0.0424,-0.0136,0.0481,0.2787,0.641,-0.3281,-0.1837,-0.302,,,,-0.1401,-0.1534,,,,,,,,0.1395,0.0388,-0.0747,,,,0.1507,,,,
,,,,0,0,0,0,0.4716,-0.3591,-0.2778,-0.2115,-0.3577,0.0127,-0.3125,0.0364,0.0877,-0.1774,-0.0588,-0.0417,0.1739,-0.0741,-0.04,0.1667,-0.0714,-0.0385,0,0.06,-0.0566,,,,,,,
,,,,0,0,0,0,0,0,0,0,,,,0.0734,,,,,0,,,,,,,,,,,,,,,
,,,,0,0,0,0,0,-0.17,-0.3171,0.05,-0.1156,,,,,,,,,,,,,,-0.0114,-0.0115,,,,,,,,
,,,,0,0,0,0,0,,-0.4118,0.5222,,,,,,,,,,,,,,,,,,1.2353,-0.3596,1.1096,,,0.303,
,,,,0,0,0,0,0.3534,-0.0944,0.0061,0.1037,-0.5359,-0.2619,-0.5,1.3226,0,,0,-0.0722,-0.0556,,,0.0247,,,,,,,,,,,,
,,,,0,0,0,0,0,0,0,0,,-0.1954,,,,,0.0615,0.4275,,0.0796,,,,,,,,,,,,,,
,,,,0,0,0.2211,-0.1681,0.0777,-0.0625,-0.2359,-0.2349,-0.3421,0.04,1.0128,0.1783,-0.0811,-0.2353,,0.2941,,,-0.0333,0.5241,,,0.25,-0.0489,,-0.0393,0.2515,,,,,
,,,,0,0,0,0,0,0,0,0,0,0,0,0,0,0,0,0,0,0,0,0,0,0,0,0,0,0,,,,,,
,,,,0,0,0,0,0,,-0.188,,,,,,,,,,,,0.0843,-0.2333,-0.1304,0,,,,,,,,,,
,,,,0,0,0.3059,-0.1667,0.1946,-0.0543,-0.1866,0.0059,,,,,,,,,,,,,,,,,,,,,,,,
,,,,0,0,0,0,0,0,0,0,0,0,0,0,0,0,0,0,0,0,0,0,0,0,0,0,,,,,,,,
,,,,0.4925,0.15,-0.1391,-0.0909,,,,-0.1096,,,,,,,,,,,,,,,,1.2769,,,,1.899,,,,
,,,,0,0,0.0074,-0.0467,,,,,,,-0.0881,,,,,,,,,,,,,,,,,,,,,
,,,,0,0,-0.2268,0.3565,0.2442,-0.5178,-0.2558,0.7083,0.2378,-0.4187,-0.411,-0.1151,-0.0732,-0.3684,-0.2778,0.0769,-0.25,-0.0238,-0.122,0.6944,-0.0492,,0.2222,0,0.1091,,,,,,,
,,,,0,0,0,0,0,0,0,0,0,0,0,0,0,0,0,0,0,0,0,0,0,0,0,0,0.0556,0,0,0.0526,0,0,0,
,,,,0.4261,0.4207,-0.103,-0.3876,0.2969,-0.1506,-0.2837,-0.2079,-0.3,0.2143,-0.1618,0.0526,,,,,,,0.0789,0.1463,,,,,,,,0.1098,,,,
,,,,0,0,-0.072,-0.1034,,,,-0.4348,,,,,,,,,,,,,,,,,,,,,,,,
,,,,0,0,-0.1004,-0.2098,-0.0395,-0.1706,-0.227,-0.1376,,,-0.0139,0.0282,,-0.0556,,-0.1087,,-0.0109,0.4176,0.0465,,0.0667,0.0234,,0.0635,,,,,,,
,,,,0,0,0,0,0,0,0,0,,0,,,,,,,,,,,,,,,,,,,,,,
,,,,0,0,0,0,0,0,0,0,0,0,0,0,0,0,0,0,0,0,0,0,0,0,0,0,,,,,,,,
,,,,0,0,0,0,0,0,0,0,0,0,0,0,0,0,0,0,0,0,0,0,0,0,0,0,0,0,,,,,,
,,,,0,0,0,0,0,0,0,0,0,0,0,0,0,0,0,0,0,0,0,0,0,0,0,0,,,,,,,,
,,,,0,0,0,-0.1745,-0.1818,-0.0556,-0.2941,0.0542,-0.3676,-0.1313,-0.0576,-0.0763,0.314,-0.1509,-0.1556,0.0263,0.6068,-0.3085,0.3154,0.0234,-0.16,0.1905,0.08,-0.0212,,0.291,0.3934,,,,,
,,,,0,0,0,0,0,0,0,0,,,,,,,,,,,,,,,,,,,,,,,,
,,,,0,0,0,0.105,0.1346,,,0.027,,,,,-0.0502,0.1013,,,0.0058,0.0143,,,,,,,,,-0.0208,,,,,
,,,,0,0,0,0,0,0,,-0.075,,,,,0.1455,0.0582,0.14,,,,,,,,,,,,,,,,,
,,,,0.1685,0.1154,-0.0776,-0.1963,0.2093,,-0.1932,-0.1127,,,-0.2703,0.0741,,,,,,,,,,,,,,,0.2703,,,,,
,,,,0,0,0,0,0,0,,,,-0.0211,,,,,,,,,,,,,-0.0189,,,,,,,-0.0625,,
,,,,0.3968,0.1648,0.4,0.0105,,,,0.2351,,,,,,,,,,,,,,,,,,,,,,,,
,,,,0.1429,0.3125,-0.0741,-0.16,1.3537,-0.2486,-0.4615,-0.25,-0.2,,,,,,,,,,,,,,-0.0727,0.0686,,,-0.0202,0.0515,,,,
,,,,0,0,0,0,0,,0,0,,,-0.3303,,,,,,,,,,,,,,,,,,,,,
,,,,0,0,0,0,0,0.3006,0.0044,-0.0044,-0.2089,-0.4382,-0.35,0.5846,,,,,,,,0.4211,,,,,,,-0.0909,0.5,,,,
,,,,0.181,0.1168,0.0065,0,0.0519,0.0247,-0.247,-0.12,,,,,,,,,,,,,,,,,,,,,,,,
,,,,0,0,0,0,,,-0.0114,,-0.0218,-0.0129,0.0357,0.0345,0.1056,,-0.0608,,,,,,,,-0.068,0.2042,,,,,,,,
,,,,,0.4757,-0.1758,-0.0222,,,,,,,,,,,,,,,,,,,,,,,,,,,0.3805,
,,,,0,0,0,0,0,0,-0.24,-0.2632,-0.3286,-0.1489,-0.05,-0.0789,-0.0571,-0.1818,-0.1481,,,,,,,,,,,,,,,,,
,,,,0.4087,0.0926,-0.1356,0.0784,0.5333,-0.4348,-0.0839,-0.2901,-0.3978,0.1429,-0.2969,0.3778,0.2097,-0.04,-0.0694,0.1194,0.2,-0.0111,0.1461,0.1765,-0.2,0.125,0.1296,-0.0328,,,,,,,,
,,,,0,0,0,0,0,0,0,0,0,0,0,0,0,0,0,0,0,0,0,0,0,0,0,0,,,0.8592,0.3182,,,,
,,,,0,0,0,0,0,0,0,0,0,0,0,0,0,0,0,0,0,0,0,0,0,0,0,0,0,0,0,0,0,0,0,
,,,,,-0.1106,0.0191,-0.1362,,-0.0432,,-0.0797,,,,,,,,,,,-0.0353,,-0.2105,0.0333,,,-0.08,,-0.2184,0.1765,,,,
,,,,0,0,0,0,0,0,0,0,0,0,0,0,0,0,0,0,0,-0.1444,-0.5065,0.5,-0.2675,0.1677,-0.1179,0.4186,-0.2131,-0.1823,,,,,,
,,,,0.1079,0.1316,-0.0442,-0.0316,0.0427,-0.1325,-0.0611,-0.1864,-0.3455,-0.0944,,,,,-0.2301,0.4138,,,,,,,,,,,,,,,,
,,,,0,0,0,0,0,,,-0.2213,,,,,,,,,,,,,,,,,,,,,,,,
,,,,0.5795,0.3022,-0.221,0.0213,,,-0.1912,-0.1909,,-0.05,,0.5333,,,,,,,,,,,,,,,,,,,,
,,,,0,0,-0.1006,-0.0559,-0.0444,-0.2171,-0.0693,-0.2447,-0.2113,-0.0714,-0.1923,0.3333,0.2857,-0.1667,-0.15,0.3137,-0.0448,-0.2188,0.1,0.4,-0.1299,0.1791,0.0127,0.125,-0.1667,,,,,,,
,,,,0,0,0,0,0,0,0,0,0,0,0,0,0,0,0,0,0,0,0,0,0,0,0,0,0,0,,,,,,
,,,,0,0,0,0,0.0085,-0.1271,-0.301,-0.0139,-0.0704,-0.0606,-0.3387,-0.1707,0.0294,0.1714,0.122,,-0.04,0,,,,,,,,,,,,,,
,,,,0,0,0,0,,,,,,,,,,,,,,,,,,,,,,,,,,,,
,,,,0.4074,0.2895,-0.0952,-0.1353,0.9652,-0.5354,-0.181,-0.1977,-0.3188,-0.1064,-0.0476,0.1,0.1136,0,0.0204,0.1,0.5455,-0.2235,-0.0909,0.05,-0.0952,0.3509,0.1688,-0.1111,0.1,,,,,,,
,,,,0.3737,0.6618,0.177,0.0827,0.4792,,,-0.1907,,0.2222,,,,,,,,,,,,,,,,,,,,,,
,,,,0,0,0,0,0,0,0,0,0,0,0,0,0,0,0,0,0,0,0,0,0,0,0,0,0,0,0.5366,,,-0.2692,-0.1053,
,,,,,-0.2426,-0.073,-0.1939,0.1353,,,,,-0.0674,,,,,-0.0465,,,,,,,,,,,,,,,,,
,,,,0,0.387,-0.1254,-0.0143,0.1127,-0.2092,-0.2273,-0.1497,-0.3836,0.3163,-0.2326,0.0202,0,-0.297,-0.2817,0.2745,-0.0462,-0.2258,0.3125,0.3651,-0.1395,0.2027,-0.0225,-0.046,,,,,,,,
,,,,0,0,0,0,0,0,0,,,,,,,,-0.1892,0.2667,,,,,,,-0.0465,-0.2439,,,-0.1429,0.0417,,,,
,,,,0,0,0,0,0,0,,,,,,,,,,,,,,,,,,,,,,,,,,
,,,,0,0,0,0,0,0,0,0,0,0,,,0.4545,-0.3281,-0.1395,0.0811,,,0.5185,,,,,,,,,,,,,
,,,,0,0,0,0,0.1,-0.0121,-0.1534,-0.058,-0.1769,-0.0374,0.068,0.2727,-0.2,-0.0179,0.2091,0.406,-0.0267,0.0934,0.206,0.2917,-0.3226,0.4571,0.0752,-0.0334,0.0692,0.0559,0.0585,0.0421,,,,
,,,,0,0,0,0,0,0,0,0,0,0,0,0,0,0,,,,,,,,,,,,,,,,,,
,,,,0,0,0,0,0,0,0,0,,,,,,,,,,,,,,,,,,,,,0.0529,,,
,,,,0,0,0,0,0,0,0,0,0,0,0,0,0,0,0,0,0,0,0,0,0,0,0,0,0,0,0,0,,,,
,,,,0,0,0,0,0,,,-0.409,,,,,,,-0.2821,0.3929,,,,-0.027,,,-0.102,-0.1136,,,,,,,,
,,,,0,0,0,0,0,0,0,0,0,0,0,0,,,,,,,,0.1389,,,,,,,,,,,,
,,,,0.9674,1.6685,-0.4306,0.0618,0.3938,-0.3071,,,,0.0159,,,,,,,,-0.049,,0.1462,,,,-0.1632,,,-0.0404,,0.9315,,,
,,,,0,0,0,0,0,0,0,0,0,0,0,0,0,0,0,0,0,,,,,0.1696,-0.0076,-0.1846,,,,-0.1915,,,,
,,,,0,0,-0.1608,0,0,-0.2634,,,-0.4222,,,,,-0.1639,-0.1765,,,,,,,,,,,,,,,,,
,,,,0,0,0,0,,,-0.1868,-0.1014,,,-0.34,0.2424,,-0.3684,-0.375,0.3333,,,,,,0.225,,-0.1017,,,0.2647,,,,,
,,,,0,0,0,0,0,0,0,0,0,0,0,0,0,0,0,0,0,0,0,0,-0.4307,,-0.5042,-0.322,,,,,,,,
,,,,0,0,0,0,0,0,0,0,0,0,0,0,0,0,0,0,0,0,,,,1.4324,-0.3333,,,,,,,,,
,,,,0,0,0,0,0,,,0,,,-0.1963,,,,0.1087,0.0392,,-0.2344,,,,,,0.0889,,,,,,,,
,,,,0,0,0,0,0,0,,0,,0.1397,-0.2839,2.1261,,,,,,,,,,,,,,,,,,,,
,,,,0,0,0,0,0,0,0,-0.1618,,,,,,,,,,,,,,,,,,,,,,,,
,,,,0,0,0,0,0,0,0,0,0,0,0,0,0,0,0,0,0,0,0,0,0,0,0,0,,,,,,,,
,,,,0,0,0,0,0,0,0,0,,0,0,,,,,,,,,,,,,,,,,,,,,
,,,,0.7596,,0.3935,-0.103,,,,-0.1333,,,,,,,,,,,,,,,,,0.1456,,,,,,,
,,,,0,0,0,0,,,,-0.3169,,,,,,,,,,,,,,,,,,,,,,,,
,,,,0.0658,0.2469,0.0792,0.0275,,,,-0.1667,,,,,,,,,,,,,,,,,,,,,,,,
,,,,0,0,0,0,,,,,,,,,,,,,,,,,,,,,,,,,,,,
,,,,,0.3097,,-0.1379,,,,,,-0.1684,-0.1519,0.0448,,-0.1591,0,,,,,,,,,,,,,,,,,
,,,,0.1465,0.2111,-0.0321,,0.1526,,-0.3185,-0.2604,,,,0.6712,,,,,,,,,,,,,,,,,,,,
,,,,0,0,0,0,0,0,0,0,0,0,0,0,0,,,,0.3758,-0.237,0.0473,0.3079,-0.1145,-0.1122,-0.1264,0.0126,-0.1304,,0.0759,,-0.1014,,,
,,,,-0.0092,0.0648,0.0522,-0.124,,,,-0.0088,,,0.0263,0.2692,,,-0.1443,,,,0.1078,0.2035,,,,,,,,,,,,
,,,,0,0,0,0,0,0,0,-0.1047,,,,,,,,,,,,0.338,,,,,,,,,,0,,
,,,,0,0,0,0,0,0,,-0.2794,,0.3488,,-0.0088,,-0.3009,-0.1139,,,,,0.2069,,,,,-0.0784,,-0.1333,,,-0.3,,
,,,,0,0,0,0,,0,0.0978,,,-0.4946,,0.625,,,,,,,,,,,,,,,,,,,,
,,,,0,0,0,0,,,,,-0.3229,0.1795,,,,,,,0.0751,0.3045,,,,,,,,,,,,,,
,,,,0,0,0,0,0,-0.1143,-0.246,-0.1818,-0.3529,0.0606,-0.1048,-0.0638,0.1364,-0.22,-0.1795,0.0938,-0.0143,0,-0.0725,0.0938,-0.1286,0.1475,0.0429,0.4384,,,-0.2542,-0.0568,,,,
,,,,0,0,0,0,,,,-0.3011,,,,,,,,,,,,,,,,,,,,,,,,
,,,,0,0,0,,0.1221,,,-0.055,,,,,,,,,,,,0.1622,,,,,,,,-0.1837,,,,
,,,,1.1053,-0.095,0.1878,-0.0605,0.7822,,-0.4431,-0.4197,,,,,,,,,0.1875,0.0351,,,,,,,,,-0.2157,0.025,,,,
,,,,0.1134,0.0833,0.4872,-0.1667,0.3379,0.3608,-0.1023,0.0169,-0.361,-0.3182,-0.1714,-0.1609,0.1096,-0.2963,0.3333,0.0658,-0.5556,-0.1667,0.9333,-0.0517,-0.1636,0.0652,0.0612,-0.1154,-0.1087,-0.2683,,,,,,
,,,,0,0,0,0,,,,-0.1569,,,,,,,,,,,,,,,,,,,,,,,,
,,,,0,0,0,0,0,,-0.3245,0.2549,-0.4141,-0.04,0.2083,-0.4713,0.1087,0.8235,0.043,0.9897,0.1399,0.1364,,0.2121,,,,,,,,,,,,
,,,,0,0,0,0,0,0,0,0,0,0,0,0,0,0,0,0,0,0,0,0,0,0,0,0,0,0,0,0,0,0,,
,,,,0,,0,0,,,,-0.02,,,,,,,-0.0735,,,,,,,,,,,,,,,,,
,,,,0,0,0,0,0,0,0,0,,,,,,,0.1058,0.1478,,,,,,,0.1043,-0.0778,,,,,,,,
,,,,0.13,0.1239,0.5591,-0.0606,-0.0699,,,0,,,,,,,,,,,,,,,,,,,,,,,,
,,,,0,0,-0.2284,0.0056,-0.0556,,,-0.0533,,,,,,,,,,,,0.4048,,,,,,,,,,,,
,,,,0.2222,0.5136,0.1171,-0.3817,,,,-0.2284,,-0.1,-0.3194,,,,,,,,,,,,-0.0952,0.193,,,,,,,,
,,,,0,0,,0.4054,,,,-0.0619,,-0.0368,,-0.2109,,0.1061,0.2603,,,,,,,,,0.0633,,0.1765,,,,,,
,,,,0,0,0,0,0,0,,-0.1,,,,,,,,,,,,,,,,,,,,,,,,
,,,,0,0,0,0,0,0,0,0,0,0,0,0,0,0,0,0,0,0,0,0,0,0,0,0,0,0,0,0,0,0,,
,,,,0.2949,0.2376,0.024,-0.1328,0.7928,,-0.2758,,,,,,,,,,,,,,,,,,,0.0244,,,,,,
,,,,0,0,0,0,0,0,,0,-0.4328,0.2105,,,0.0541,-0.2308,,,0.0968,,,,-0.0769,,,,,-0.0465,,,-0.0313,0.1774,,
,,,,0,0,0,0,0,0,0,0,0,0,0,0,0,0,0,0,0,0,0,0,0,0,0,0,0,0,,,,,0,
,,,,0,0,0,0,0,0,0,0,0,0,0,0,0,0,0,0,0,0,0,0,0,0,0,0,0,0,0,0,,,,
,,,,0,0,0,-0.1586,0.1393,,-0.1765,-0.125,-0.1837,-0.3125,-0.3273,,0.3125,-0.1905,0.1176,-0.3158,-0.1154,-0.1739,0.5263,,0.1698,-0.129,0.5185,,,,,,,,,
,,,,0.4259,0.0987,-0.0243,0.1741,,,,0.1935,,,,0.3077,,,,,,,,,,,,,,,,,,,,
,,,,0,0,-0.3949,0.1297,,,,,,,,,,,,,,,,,,,,,,,,,,,,
,,,,0,0,0,0,0,0,0,0,0,0,0,0,0,0,0,0,0,0,0,0,0,0,0,,-0.3,-0.4921,,,,,,
,,,,0,0,0,0,0,0,0,0,0,-0.0957,,,,,,,,0.2333,0.0811,,,0.1111,,,-0.2951,,,,-0.0879,-0.0361,,
,,,,0,0,0,0,0,0,0,0,0,0,0,0,0,0,0,,0,0,,,,,,,,,,,,,,
,,,,0,0,0,0,,,,,,,,0.2433,,,,,,,,,,,,,0.0146,,,,,,,
,,,,0,0,0,0,0,0,0,0,0,0,0,0,0,0,0,0,0,0,0,0,,,-0.0583,-0.115,,,,,,,,
,,,,0.1139,0.0227,0.5389,-0.1733,-0.0393,-0.1409,-0.3386,-0.144,,-0.0633,0.1622,-0.0116,,,,-0.2288,,,,-0.1118,,,,,,,,,,,,
,,,,0,0,0,0,,,,0.05,,,-0.4624,0.04,,,,,-0.2222,0.1429,,,,,,,,0.4382,,,,,-0.0403,
,,,,,0,,,,,,,,,,,,,,,,,,,,,,,,,,0.0625,,,,
,,,,0,0,0,0,0,0,0,0,0,0,0,0,0,0,0,0,0,0,0,0,0,0,0,0,,,,,,,,
,,,,0,0,0,0,0,0,0,0,0,0,0,0,0,0,0,0,0,0,0,0,0,0,0,0,,,,,,,,
,,,,0.8643,0.0038,0.0687,-0.2286,,,,-0.0531,,,,,,,,,,,,,,,,,,,,,,,,
,,,,0.352,0.1598,0.0918,-0.0654,-0.025,-0.2154,-0.0523,-0.2345,-0.2973,0.1795,0,0.2826,-0.0254,-0.2,-0.0109,-0.044,0.046,-0.2857,-0.0769,0.75,0.0381,0.0459,0.0702,-0.0656,-0.0175,-0.0804,,0.3238,,,,
,,,,0.9231,0.6818,0.1892,-0.0273,,,-0.0341,-0.5118,-0.2627,0.0294,-0.1365,0.3971,,,-0.1105,,,,,,-0.237,-0.1068,0.0652,,,,,,,,,
,,,,0,0,0,0,0,0,0,-0.0353,0.0244,0.0238,-0.1047,0.039,0,,,0.029,,0.0294,-0.0714,0.0462,-0.1029,,,-0.0441,0.0462,,,-0.1061,,-0.0167,,
,,,,0,0,0,0,0,0,,-0.2143,,,,,,,,,,,,,,,,,,,,,,,,
,,,,0.8454,-0.0894,,,,,,,,,,,,,,,,,,,,,,,,,,,,,,
,,,,0,0,0,0,0,0,,,,0.05,-0.3095,-0.2069,,,,,,,,,,,,,,,,,,,,
,,,,0,0,0,0,0,0,0,0,0,0,0,0,0,0,0,0,0,0,0,0,,,,,,,,,,,,
,,,,0,0,0,0,0,0,0,,,,,,,,,,,,,,,,,,,,,,,,,
,,,,0,0,0,0,0,0,-0.1579,-0.3438,-0.2619,,,,,,,,,,,,,,,,,,,,,,,
,,,,0,0,0,0,0,0,0,0,0,0,0,0,0,0,0,0,0,0,0,0,0,0,0,0,,,,,,,,
,,,,0,0,0,-0.0973,0.5882,-0.2593,-0.0083,-0.2941,,,,,,,,,,,,,,,,,,,,,,,,
,,,,0,0,0,0,0,0,0,0,0,0,0,0,0,0,,,0,0,,0,,,,,,,,,,,,
,,,,,1.0958,-0.1686,-0.1409,,,,-0.4223,,,,,,,,,,,,,,0.3531,,,,,,,,,,
,,,,0,0,,,,,-0.161,-0.2323,,,,,,,,0.2333,,0,0.3889,0.16,,,,,,,-0.1509,-0.0222,,,,
,,,,0,0,,,,,,-0.1806,,-0.086,0.0118,-0.2791,-0.0323,-0.1667,-0.26,0.0541,,,,,,-0.037,,0.1132,,,0.1786,0.0303,,,,
,,,,0,0,0,0,0,0,0,0,0,0,0,0,0,0,0,0,0,0,0,0,0,,0,0,0,0,0.4423,,,0.005,-0.2079,
,,,,0,0,0,0,0,0,0,0,0,0,0,0,0,0,0,0,,0,0,0,,0,0,0,,,-0.0196,0.05,,,,
,,,,0,0,0,0,0,0,,-0.2374,,,-0.2,1.0179,,,0,-0.2927,,,,,,1.641,,1.0625,,,,,,,,
,,,,0.528,0.1257,-0.0186,0.09,,,,0.0667,,,,,,,,,,,,,,,,,,,,0.0415,,,,
,,,,0.8105,0.4007,-0.2371,0.5777,0.3919,,0.0664,-0.2778,,,,0.0185,,-0.3057,-0.0252,0.0387,,-0.0857,0.1625,0.2258,-0.1096,,,-0.0836,0.0063,0.0125,,,-0.0588,-0.0969,-0.0484,
,,,,0,0,0,-0.087,0.0272,-0.0728,-0.1143,-0.0927,-0.2489,0.0118,0,0.1462,0.0714,0.1429,0.1292,-0.0221,0.3245,0.0256,0.175,0.156,-0.0736,,,,,,,,,,,
,,,,0,0,0,0,0,0,0,0,0,0,0,0,0,0,0,0,0,0,0,0,0,0,0,0,,,,,,,,
,,,,0,0,0.0325,0.0252,,,,-0.1304,,,,,,,,,,,,,,,,,,,,,,,,
,,,,0.6912,0.2174,-0.0286,0.0147,,,,-0.3375,,,,,0.4074,,,,,,,,,,,,,,,,,,,
,,,,0,0,0,0,0,0,0,0,0,0,,,,,,,,,,,,,,,-0.1039,0.6812,0.2759,0.0811,,,,
,,,,0,0,0.0902,0,0,0.0381,-0.2477,0.0976,-0.2222,-0.0714,,,,,-0.1548,0.1549,,,,,,,,,,,,,,,,
,,,,0,0,0,0,0,0,,0,,-0.0968,,,,,,,,,,,,,,,,,,,0,,,
,,,,0,0,0,0,0,0,0,-0.56,-0.3818,0.1618,0.2785,0.2079,-0.4262,0.0286,0,0.0972,0.4177,-0.1964,0.0556,0.0211,0.732,-0.3155,0.087,0,,,,,,,,
,,,,0.7429,-0.082,0.0714,-0.0667,,,,-0.0505,,,,,,,,,,,,,,,,,,,,,,,,
,,,,0,0,0,0,0,0,0,0,0,0,0,0,0,0,0,,,,,,,,,,,,,,,,,
,,,,0,0,0,0,0,0,0,0,0,0,0,0,0,0,0,0,0,0,0,0,0,0,0,0,,,,,,0.0385,,
,,,,0,0,0,0,0,0,-0.0216,-0.2059,,0.0597,,,0.2,,,,0.1591,,,,-0.2,,-0.0533,,0.0286,,,0.1268,,,,
,,,,0,0,0,0,0,0,0,0,-0.1824,-0.1692,-0.0741,0,-0.12,-0.3295,0.661,-0.4898,0.16,-0.3448,-0.1316,0.3939,2.9783,0.3661,-0.2,0.015,-0.2315,,,,,,,
,,,,0,0,0,0,0,0,0,0,0,0.0303,0.0392,-0.0566,,-0.2353,,0.1279,,,,,,,0.3684,0.0449,-0.0307,0.3291,0.1286,-0.0591,0.0448,0.2575,,
,,,,0.3077,0.1882,-0.0545,0.3037,,,,-0.3191,,,,,,,,,,,,,,,,,,,,,,,,
,,,,0,0,0,0,0,,,0,,,,,,-0.2838,-0.3585,,,,,,,,,,,,,,,,,
,,,,0,0,0,0,0,0,0,0,0,0,0,0,0,0,0,0,0,0,0,,-0.1615,1.418,-0.1186,,,-0.2081,0.0577,-0.3212,,-0.0816,-0.3889,
,,,,0.8272,0.0315,-0.1972,-0.2215,,,,,,,,,,,,,,,,,,,,,,,,,,,,
,,,,0,0,0,0,0,0,0,0,0,0,0,0,0,0,0,0,0,0,0,0,0,0,0,0,0,,,,,,,
,,,,0,0,0,0,0,0,0,0,0,0,0,0,0,0,0,0,0,0,0,0,0,0,0,0,0,0,0,0,,,,
,,,,0.7016,-0.0379,-0.1429,-0.1322,1.0861,-0.3333,0,-0.3952,-0.4331,0.5556,,,,,,,,,,,,,,-0.2681,,,,,,,-0.1579,
,,,,0,0,0,0,0,0,0,0,0,0,0,0,0,0,0,0,0,0,0,0,0,0,0,0,,,,,,,,
,,,,1.1212,1.0357,0.0211,-0.2131,-0.0131,-0.1593,-0.2211,-0.223,-0.1565,0.3814,-0.0522,-0.0157,0.08,-0.2444,-0.3039,0.2113,0.093,-0.1277,0.378,0.3717,-0.2903,0.1727,-0.1395,-0.1892,,,,,,,,
,,,,0.4469,,,-0.0342,,,,,,0.3028,,,-0.0154,,,,-0.0303,,,0.2147,,,,,-0.0328,0.0734,,,,,,
,,,,0,0,0,0,,-0.3549,,-0.2866,,-0.2029,-0.2364,0.2381,,,,,-0.1395,-0.2973,0.2308,0.0313,,,,-0.1707,,,-0.1818,0.1111,,,0.0417,
,,,,0,0,0,0,0,0,0,0,0,0,0,0,0,0,0,0,0,0,0,0,0,0,0,0,,0,0,0,,,,
,,,,0,0,0,0,,,,-0.256,,,,,,-0.3636,,,,,,0.0294,,,,,,,-0.0588,0.125,,,,
,,,,0.4458,0.1222,-0.151,-0.1254,,-0.1994,-0.0117,-0.0827,,0.0438,,,,,-0.0196,,0.098,,0.1688,,,0.5037,-0.1861,,,-0.17,-0.0667,,,,,
,,,,0,0,0,0,0,0,,-0.4571,,,,,,,,,,,,,,,,,,,-0.0345,,,,,
,,,,0,0,-0.1884,-0.1049,,,,-0.1531,,,,,,,,0.4048,,,,,,,,,,,,,,,,
,,,,0,0,0,0,0,0,0,0,,,,,,,-0.3429,,,,,,,,,,,-0.4545,,-0.25,,,,
,,,,0,0,0,0,,,,-0.1129,,,,,,,0.4043,,,,,,,,,,,,,,,,,
,,,,0.4667,0.1174,0.2542,-0.2243,0.1045,-0.1956,-0.1412,-0.0685,-0.3039,-0.2183,-0.2432,0.0238,-0.0814,-0.1392,-0.1324,-0.0847,-0.037,-0.0577,0.1429,0.1786,-0.1515,0.1607,0.2154,0.1013,-0.046,-0.3012,0.0345,0.1833,-0.0282,-0.0725,-0.0625,
,,,,-0.2381,-0.0188,0.0191,-0.2875,,,,,,,,,,,0,,,,,,,,,,,,,,,,,
,,,,0,-0.0125,0.1772,,,,0.1435,-0.2015,,,,,,,,,,,,,,,,,,,,,,,,
,,,,0.8459,0.4233,0.0532,0.0712,,,,-0.0049,,-0.0187,-0.2571,,,,,,,,,,,,,,,,,,,,,
,,,,0.8188,0.1514,0.4464,-0.0694,,,,-0.0345,,,,,,,,,,,,,,,,,,,,,,,,
,,,,0,0,0.5414,-0.161,,,,-0.201,,,-0.1928,0.1194,,,,,,,,0.3301,,,,,,,,,,,,
,,,,0.8776,-0.0022,0.0436,0.0668,-0.2466,,-0.2883,-0.215,,-0.0366,-0.1139,,,,-0.234,,,,,,,0.1389,0.0163,,,,,,,,,
,,,,0,0,0.2692,-0.1061,0.1627,-0.0525,-0.2462,0.102,-0.5,0.3333,-0.1722,0.3289,0.1869,0.0638,-0.092,0.1233,0.0275,0.5267,0.1,-0.0341,-0.1741,0.1966,-0.0952,0,0.1316,0.1628,,,,,,
,,,,0.4458,0.0417,0.08,-0.2074,0.4019,,,0.0213,,,,,0.5918,1.0256,-0.1392,,,,-0.0698,-0.1313,,,-0.0909,,,,,,,,,
,,,,0,0,0,0,0,0,0,0,0,0,0,0,0,0,0,0,0,0,0,0,0,0,0.0099,0.1275,-0.0609,,,0.0095,,,,
,,,,0.5517,0.6889,-0.5263,-0.0639,,,,-0.1961,,,,,,,,,,,,,,,,,,,,,,,,
,,,,0,0,0,0,,,,,,,,,,-0.0926,-0.4286,0.2857,,,,,-0.5287,0.6284,,,,,,,,,,
,,,,0.7442,0.2089,0.4449,-0.1603,0.1212,,,-0.27,,0.0706,-0.2527,,,,,,,,,,,,,,,,,,,,,
,,,,1.027,0.0733,0.5963,-0.0778,0.0295,-0.291,-0.2312,-0.3083,-0.3913,-0.125,-0.1633,0.0976,0.1556,-0.2308,-0.025,0.0256,,,0.5,0.2982,,,,0.1604,,,,,,,,
,,,,0.7339,0.6047,-0.0667,-0.0373,,,,0.0267,,,,,,,,,,,,,,,,,,,,,,,,
,,,,0.6709,0.3106,0.2572,-0.0828,,,,-0.1292,,0.1,,,,-0.3333,-0.1333,,,,0.5122,,,0.1951,,,,,,,,,,
,,,,0.5814,0.3294,-0.0044,0.0756,,,,-0.1846,,,,,,,,,,,,,,,,,,,,,,,-0.1864,
,,,,0.6575,0.2267,0.375,0.0632,0.0186,-0.5018,-0.1648,-0.2456,-0.4477,0.1579,-0.2364,0.1071,0.0538,-0.1939,-0.1899,0.3281,-0.0118,-0.0119,0.3253,0.3273,-0.1712,0.2314,-0.0134,0.0476,-0.0519,-0.137,0.0159,-0.0234,,,,
,,,,1.1438,0.1128,0.1096,-0.0494,0.1688,,,,,,,,,,,,,,,,,,,,,,,,,,,
,,,,1.1111,-0.1711,-0.0794,-0.0655,0.0664,-0.1869,-0.1489,0.215,-0.4403,0.0956,-0.2886,0.0283,-0.1376,-0.2872,0.1194,-0.1333,,,0.0282,0.2603,,,,,,-0.1688,,,,,,
,,,,1.0492,0.048,0.8321,-0.0208,,,,-0.2878,,,,,,-0.3269,-0.2571,0.4231,-0.1892,-0.1333,0.3462,0.2571,,,,,,,-0.1429,,,,,
,,,,0,0,0,0,,,,-0.1622,,,,,,,,,,,,,,,,-0.3,,,,,,,,
,,,,0,0,0,0,,,,,,,,,,,-0.3029,,,,,,,,,,,,,,,,,
,,,,0,0,0,0.1344,,,,-0.2434,,0.0721,,,,,,,,,,0.2,,,,,,,,,,,,
,,,,0,0,0.179,-0.0148,,,,0.0238,,-0.0533,,,,,,,,,,,,,,,,,,,,,,
,,,,0,0.7067,0.1719,-0.11,,,,,,0,-0.2714,0.1765,,,,,,,,,,,,,,-0.2667,,,,,,
,,,,0.6757,0.6355,0.0631,0.0334,0.0503,-0.1556,-0.1296,-0.1791,-0.4334,-0.425,-0.1478,0.2449,0.082,-0.1742,,,,,0.1258,,,,,,,,,,,,,
,,,,0,0,0,0.0541,,-0.4975,,-0.1279,,-0.2169,-0.5308,,,,,,,,,,,,,,,-0.056,0.2288,,,,,
,,,,0.3667,0.3659,0.3571,-0.1974,,,,-0.3333,,,-0.3,,,,,,,,,,,,,,,,,,,,,
,,,,0.0794,0.1544,0.0255,0.0373,,,,0.0079,,,,,,,-0.0132,,,,,0.0315,,,-0.2615,0.2333,,,,,,,,
,,,,0,0,0.0387,-0.1809,,,-0.2993,,,,,,,,,,,,,,,,,,,,,,,,,
,,,,0,0,0.1086,-0.0464,,,,,,,,,,,,,,,,,,,,,,,,,,,,
,,,,,0,0.0227,0.1,,,,0.0989,,,-0.0564,,,,-0.2571,,,,,,,,,,,,,,,,,
,,,,0.2679,0.162,-0.2121,-0.1308,,,,-0.2159,,0.08,-0.1111,0.0208,0.6122,-0.0127,0.1026,,0.2209,0.0476,0.0909,-0.0333,,,0.0693,-0.0648,0.0297,0,-0.0385,-0.04,,,,
,,,,0,0,0.0429,-0.0411,0.1371,0.0176,0.2333,-0.2432,-0.1257,0.354,-0.1788,-0.1497,0.0608,0.2172,-0.1698,0.0896,0,0.3562,0,-0.0505,0.0319,-0.3196,-0.0455,0.0127,-0.2633,-0.1277,0.122,-0.5196,-0.0498,,0.4,
,,,,0,0,0,0,0,0,0,0,0,0,0,0,0,0,0,0,0,0,0,0,0,0,0,0,0,0,,,,,,
,,,,0,0.2778,-0.2174,-0.131,,-0.2941,-0.1742,-0.0642,-0.1765,-0.0476,-0.2,0.3594,,-0.2857,,,0,,,,,0.044,-0.0842,0.0345,,-0.15,-0.0147,0,,,,
,,,,0,0,0,,,-0.48,,,,,-0.3952,-0.1733,,,-0.4,,,,,,,,,,,,,,,,,
,,,,0,,0.0235,,-0.15,-0.1765,,,-0.4953,0.0185,-0.3091,,,-0.275,-0.3276,0.7949,0.0286,-0.2639,,0.2759,0.1216,,0.1748,,,,0.0845,,-0.1096,,,
,,,,,0.2636,0.1589,-0.0486,,,,,,,,,,,,,,,,,,,,,,,,,,,0.2944,
,,,,,0,0.0187,0.0642,,,,,,,,,,,,,,,,,,,,,,,,,,,,
,,,,0.2394,0.4205,0.336,,0.4103,,,-0.4031,,,,,,-0.2887,0.0725,0.027,,,,0.1493,,,,,,,,,,,,
,,,,0.669,0.4852,0.108,-0.0154,,,,-0.2132,,,,,,,,,,,,0.3333,,0.232,-0.0359,0.0279,,,,,,,,
,,,,0,0,0,0,0,0,0,0,0,0,0,0,0,0,0,,,0.1529,,,,,,,-0.0816,,0.6689,,0.9565,0.0435,,
,,,,0,0,0,0,0,0,,,,,,,,,,,,,,,,,,,,,,,,,,
,,,,0,0,0,0,0,0,0,0,0,0,0,0,0,0,0,0,0,0,0,0,0,0,0,0,,,,,,,,
,,,,0,0,0,0,0,0,0,0,0,0,0,0,0,0,0,-0.0071,-0.036,-0.6045,0.1321,-0.2333,0.2609,0.1207,0.2154,-0.4557,,,,,,,-0.4595,
,,,,0.25,0.2714,0.7584,0.1565,,,,,,0,,,,,,,,,,,,,,,,,,,,,,
,,,,,-0.0855,,,,,,-0.2455,,,,,,,,,,,,,,0,-0.1429,-0.0833,,,,,,,,
,,,,0.7982,0.852,-0.292,1.1012,0,-0.4815,-0.2821,-0.2736,-0.3425,-0.125,-0.2976,,0.0299,-0.0725,,0.1818,,,,0.5287,-0.218,,-0.0238,-0.0244,,,,,,,0.2531,
,,,,0.2453,0.0985,-0.1034,-0.0769,0.1667,-0.15,,-0.045,,,,,,,,,,,,,,,,,,,,,,,,
,,,,0.4539,0.4585,,,,,,-0.1289,,0.36,,0.1171,,-0.1858,-0.1304,0.1375,,,,,,,,,,,,,,,,
,,,,0,0,0,0,0,0,0,0,0,0,,,,,-0.1699,0.1758,,0,0,,,,,,,,,,,,,
,,,,0,0,0,0,0,0,0,0,0,0,0,0,0,0,0,0,0,0,0,0,0,0,0,0,,,-0.1111,,,,-0.12,
,,,,0,0,0,0,0.0566,-0.1036,-0.1434,-0.3023,-0.3667,0.1789,0.2366,-0.0433,0.1321,-0.1,-0.0852,0.0405,0.5175,0.1436,0.0314,-0.3065,-0.3636,0.3251,-0.1784,-0.095,-0.085,0.5847,-0.1034,-0.1,0.3632,0.931,-0.1964,
,,,,0.1724,0.2353,0.5048,-0.1899,0.1758,0.1993,0.2105,0.1327,-0.7152,0.1064,-0.0705,-0.1034,-0.1538,0.1182,-0.3008,1.1977,0.0476,-0.4293,-0.115,0.01,-0.0099,,,,,,,,,,,
,,,,,0.0836,,-0.0269,0.1502,-0.1993,-0.1373,,,,,,,,,,,,,,,,,,,,,,,,,
,,,,0.4148,-0.0602,0.0513,0.0366,0.0627,-0.1328,-0.1234,-0.0777,-0.4579,0.165,-0.2333,0.3913,-0.0156,-0.1111,,,,,,,,0.1028,,,,-0.0341,,,,0.0323,,
,,,,,0.1509,-0.1685,0.1261,,-0.1265,-0.2138,-0.0219,,-0.4072,,,-0.0074,,,0.1553,,-0.2407,,0.5057,,,,,,0.0116,,,,-0.4667,,
,,,,0,0,0,0,0,0,0,0,0,0,0,0,0,0,0,0,0,0,0,0,0,0,0,0,0,0,0,,,,,
,,,,0,0,0,0,0,,,-0.0122,,,,,-0.4274,0.0986,,,,,,,,,0.5217,-0.1619,,,,,,,,
,,,,0,0,0,0,0,0,0,0,0,0,0,0,0,0,0,0,0,0,0,0,0,0,0,0,,,0,0,,,,
,,,,0,0,0,-0.0421,,,,,,,0.0546,,,0.1345,-0.037,,,,,-0.2441,,,0.2171,,,,,,,,,
,,,,0.32,0.6288,-0.1116,,,,,,,,,,,,,0.1066,,,,,,,,,,,,,,,,
,,,,0,0,0,0,0,0,0,0,0,0,0,0,0,0,0,0,0,0,,,,,,,,,,,,,,
,,,,0.5143,0.2868,-0.2229,0.1245,0.0302,-0.1694,-0.1765,-0.081,-0.4456,0.0935,-0.1538,0.5758,-0.1859,-0.252,0,0.0842,,-0.0909,,0.434,,,,,,,,,,,,
,,,,0,0,0,0,0,0,0,0,0,0,0,0,0,0,0,0,0,0,0,0,0,0,0,0,0,0,0,0,,,,
,,,,0,0,0,0,0,,,,,,,,,,,,,,0.8649,0.2029,,,,-0.0082,,,,,,,,
,,,,0.4483,0.1667,-0.051,0.0215,,,,-0.25,,,,,,,,,-0.1379,,,0,0.22,,,,,,,,0.044,-0.0737,-0.1023,
,,,,0,0,0,0,,,,,,,,,,,,,,,,,,,,,,,,,,,,
,,,,0.4533,0.1193,0.4508,0.1808,,,,-0.1078,,,,,,,,,,,,,,,,,,,,-0.1954,,,,
,,,,0,0,0,0,0,0,0,0,0,0,0,0,0,0,0,0,,,0,0,,,,,,,,,0,,0,
,,,,,0,0.0173,-0.4043,0.1964,-0.1403,-0.0972,-0.1615,-0.1743,-0.25,-0.1852,,0.1176,,0.1386,,-0.0185,,,,,,,,,,,,,,,
,,,,0,0,0,,,,,,,,,,,,,,,,,,,,,,,,,,,,,
,,,,0,0,0,0,0,0,0,0,0,0,0,0,0,0,0,0,0,0,0,0,0,0,0,0,0,0,0,0,0,0,0,
,,,,0.3607,0.3193,0.1644,-0.2824,,,,-0.3376,,,,,,,,,,0.1111,,0.3585,,,,,,,,,,,,
,,,,0.2857,0.0513,-0.0813,-0.1681,,,,-0.0941,,,-0.0755,-0.1837,,,,,,,0.0615,0.1159,,,,,,,,,,,,
,,,,0.5244,0.312,-0.1463,-0.1429,0.4417,-0.2081,,,,-0.0164,-0.05,,,,,,,0.1729,,,,,,,,,,0.2973,,,,
,,,,0,0,0,0,0,,0,0,,-0.367,,,,,,,,,,,,,,,,,,,,,,
,,,,0.3158,0.18,0.5424,0.1575,-0.1456,0.063,-0.3275,-0.2176,-0.3311,-0.1683,-0.3452,0.1818,0.0462,-0.3676,-0.093,-0.1538,-0.0909,-0.1333,1.0385,0.0377,-0.1455,0,0,0.1064,0.0769,-0.0893,,,,,,
,,,,0,0,0,0,0,0,0,0,0,0,0,0,0,0,0,0,0,0,0,0,0,0,0,0,,,,,,,,
,,,,0,0,0,0,,0.0851,,-0.3194,,-0.0357,,,,,,,,,,,,,,,,,,,,,,
,,,,0,0,0,0,0,0,0,0,0,0,0,0,0,0,0,0,,,-0.0682,0.3659,,,,-0.1091,,,,,,,-0.4,
,,,,0,0,0,-0.2017,,,,,,,,,,,,,,,,,,0.035,0.6425,,,,,,0.5254,,0.9242,
,,,,0,0,0,0,,,,,,,,,,,,,,,,,,,,,,0.1,,,,,0.0464,
,,,,0.5083,,-0.0266,0.0383,,,-0.1866,-0.1471,,-0.0968,-0.2381,,,,,,,,,,,,,-0.0671,,,0,,,,,
,,,,0,0,0,0,0,0,0,0,0,0,0,0,0,0,0,0,0,0,0,0,0,0,0,-0.2795,,-0.5189,-0.0394,,,-0.0305,,
,,,,0,0,0,0,0,0,0,0,,-0.0463,,,-0.0169,,,0.3038,-0.0097,-0.1471,,0.4951,-0.0974,-0.2518,0.2212,-0.063,-0.1765,-0.1429,0,-0.0595,,,0.05,
,,,,0.7794,0.0992,-0.1955,-0.1869,0.2644,-0.0182,-0.1204,-0.1474,-0.3704,-0.2157,-0.175,0.0606,0.2,,,0.0938,-0.0857,,0.3429,0.3404,,0.1026,,,,,-0.1848,,-0.3333,-0.1286,,
,,,,0,0,0.186,0.0364,0.2297,-0.556,-0.1733,-0.2994,-0.4615,-0.0159,-0.1613,-0.1154,1.4348,,,,,,,,,,,,,,,,,,,
,,,,0,0,0,0,,,,,,,,,,,-0.1429,,,,,,,,,,,,,,,,,
,,,,0,0,0,0,,-0.0436,-0.4881,-0.1085,,,,,,,,,,,-0.2099,,,,,,,,,,,,,
,,,,0,0,0,0,0,0,0,,,,,,,0.1852,-0.1719,,-0.4143,0.2195,,0.3143,,,,,,,,,,,,
,,,,0,0,0,0,0,0.6692,-0.4639,-0.1719,0.0657,-0.4805,0.15,-0.2663,0.2963,0.0857,-0.1895,0.6948,0.2031,0.1146,0,0.1114,-0.2288,0.2933,0.0902,-0.0071,,,,,,,,
,,,,-0.0446,0.1495,0.0976,-0.0667,,,,-0.0307,,0.1471,-0.0821,,,,,,,,,,,,,,,,,,,,,
,,,,0,-0.0625,0.6667,-0.03,,-0.2744,,-0.1325,,,,,,,,,,,,,,,,,,,,,,,,
,,,,0.6269,0.3807,-0.1395,0.0097,,,,-0.1522,,,,,,,,,,,,,,,,,,,,,,,,
,,,,0.5355,0.458,0.8444,0.0297,,,,,,,,,,,-0.3309,,,,,,,,,,,,,,,,,
,,,,0.463,0.2342,0.3949,-0.0809,0.48,,,-0.2917,,,,,,,,,,,,,,,,,,,,,,,,
,,,,0.2735,0.1745,0.7143,-0.2033,,,,-0.1691,,,,,,,,,,,,,,,,,,,,,,,,
,,,,0,0,0,-0.1884,,,,-0.3487,,,,,,,,,,,,0.0533,,,,,,,,,,,,
,,,,0.4111,0.2283,0.4936,-0.0901,0.217,-0.0698,-0.375,-0.2533,-0.3036,0.0256,-0.2375,0.1639,0.1268,0.0625,0.0118,0.5,-0.2093,0.0882,0.1712,0.2462,-0.0741,0.0933,-0.0244,0.125,-0.1111,-0.075,,0.0625,,,,
,,,,0.8639,0.4015,0.3073,-0.0279,-0.0492,-0.5151,0.1111,-0.184,,0.1154,-0.3172,0.101,,,,1.0984,,,-0.0741,,-0.1883,0.168,-0.0205,-0.1049,,-0.1884,,-0.113,,0.4052,,
,,,,0,0,0,0,0,0,0,0,0,0,0,0,0,0,0,0,0,0,0,0,0,0,0,0,0,0,0,0,0,0.2667,0,
,,,,0,0,0,0,,,,-0.1085,,,,,,,,,,,-0.0185,0.1415,,,,,,,,,,,,
,,,,0,0,0,0,,,,,,,,,,,,,,,,,,,,,,,,,,,,
,,,,0.5244,0.691,-0.1086,0.1219,-0.1552,-0.1224,-0.1488,-0.0328,-0.339,0.0385,-0.2263,-0.3777,0.0769,-0.0873,-0.2174,0.0333,-0.1075,-0.0482,0.519,0.4333,-0.2209,1.3134,-0.1065,0.1949,,,,,0.1909,,-0.0204,
,,,,0.2987,0.28,-0.2773,-0.0514,0.1823,0.0554,,,,-0.1045,,0.1039,,,,,0.2821,-0.02,0.0816,,,,,,,,,,,,,
,,,,0,0,0.039,0,,,,,,-0.2121,-0.25,0.2564,0.0612,-0.2308,0.1,-0.1364,0.0263,-0.1026,-0.0286,0.2353,,,,,,,-0.0674,-0.0361,0,0,,
,,,,1.16,0.1481,0.0726,0.0376,0.4565,,,-0.3399,-0.5149,0,-0.3673,,,,,,,,,,,,,,,,,,,,,
,,,,0,0,0,0,0,0,,-0.321,-0.2545,-0.4146,,,,,,,,,,,,,,,,,,,,,,
,,,,0,0,0,0,0,0,,-0.3581,,,,,,,,,,,,,,,0.102,,,,,,,,,
,,,,0,0,0,0,0,0,0,0,0,0,0,0,0,0,0,,,,0.1,0.1136,,,,,,,,,,,,
,,,,0,0,0,0,0,0,0,0,0,0,0,0,0,0,-0.6962,,,,,,,,,0.2763,,,,,,,,
,,,,0.2321,0.058,0.089,-0.0252,1.7419,0.0282,-0.3593,-0.325,-0.4021,0.1062,-0.384,0.2338,-0.1053,-0.2941,-0.25,0.2667,0.0702,-0.0492,0.1034,0.25,0.0875,0.2644,0.0364,0.4912,-0.0294,,,0.0263,,,,
,,,,0.5294,0.0308,0.1194,-0.1667,0.176,0.7143,-0.1825,-0.2282,-0.3459,0.1346,-0.3814,0.2192,0.0112,-0.2111,-0.169,0.0508,-0.1613,-0.2115,0.5854,0.1231,0.2329,,,,,,,,,,,
,,,,0,0,0,0,0,0,0,0,0,0,0,0,0,0,0,0,0,0,0,0,0,0,0,0,,0,0,-0.1163,,0.0949,,
,,,,0,0,0.0075,-0.1259,0.1568,-0.2747,-0.1515,-0.0595,-0.2595,0.1111,-0.0385,0.04,0.0846,-0.1206,-0.0323,0.15,0.1014,-0.0461,0.2483,0.326,0.125,-0.3333,0,0.1333,-0.098,0.0435,-0.099,-0.0173,,,,
,,,,0.9459,1.6736,-0.2987,-0.1889,0.0228,,,-0.2609,,,-0.2121,-0.0192,0.3333,,,,,,,,,,,,,,,,,,,
,,,,0.1614,0.2034,0.0817,-0.0104,,,,,,,,,,0.08,-0.3651,0.2583,,,,,,,,,,,,,,,,
,,,,0,0,0,0,0,0,0,0,0,0,0,0,0,0,0,0,0,0,0,0,0,0,0,0,0,,,,,,,
,,,,0,0,0,0,0,0,0,0,,,,,,-0.3559,0.1053,0.1905,,,,,,,,,,,,,,,,
,,,,0,0,0,0,,,,-0.1609,,0.1351,-0.2381,-0.2188,0.16,,-0.2381,,,-0.2143,,,,,-0.0962,,,,,,,,,
,,,,0,0,0,-0.1255,,,,-0.1515,,,,,,,,,,,,,,,,,,,,,,,,
,,,,0,0,0,,,,,0.2674,-0.367,-0.087,,,,,,,,,,,,,,,,-0.2957,,,,,,
,,,,0,0,0,0,0,,,0,,-0.5766,-0.3448,,,,,,,,,,,,,,,,,,,,,
,,,,0,0,0,0,0,0,,-0.3603,,,,,,0.1263,-0.1682,0.0674,,,,,,,,,,,,,,,,
,,,,0.5957,0.53,0.3813,-0.1514,,-0.1171,,0.0585,,,,,,,,,,,,,,,,,,,,,,,,
,,,,0,0,0,0,0,0,0,0,0,0,0,0,0,0,0,0,0,0,0,0,0,0,0,0,0,,,,,,,
,,,,0,0,0,0,0,0,0,0,0,0,0,0,0,0,0,0,0,0,0,0,0,0,0,,,,,,,,,
,,,,0.25,0.3862,0.1841,-0.0546,,,,,,,,,,,0.0385,,,,,,,,,,,,,,,,,
,,,,0,0,0,0,0,0,0,0,0,0,0,0,0,0,0,0,0,0,0,0,0,0,0,0,0,0,0,0,,,0,
,,,,0,0,0,0,0,-0.2283,,-0.0909,,0.2647,,-0.0612,0.25,,,,-0.0104,,,,-0.039,,,-0.0902,,,,,,,,
,,,,0,0,0,0,0,,,0,,,,,,,,,,,,0.6494,,,,,,0.1657,,,,,,
,,,,0.0631,0.0719,-0.242,-0.0692,0.0165,,,,-0.1872,-0.3403,,,,,,0.2676,,,,,,-0.2708,,,,-0.1154,0.0435,-0.1917,,,,
,,,,0,0,-0.3409,0.0431,,,,-0.0102,,,,,,,,,,,,,,,,,,,,,,,,
,,,,0,0,0,0,0,0,0,0,0,0,0,0,0,0,0,0,0,0,0,0,0,0,0,0,0,,,,,,,
,,,,0,0,-0.0413,-0.0603,0.0917,-0.1092,-0.2453,-0.2,-0.1406,-0.2727,-0.175,-0.1515,0.3571,-0.2368,-0.069,-0.0741,-0.04,-0.2083,0.6316,0.1935,0.2432,,,,,,,,,,,
,,,,0,0,0,0,0,0,0,0,0,0,0,0,0,0,0,0,0,0,0,0,0,0,,-0.0368,-0.051,-0.047,0.1197,0.0314,-0.0854,,,
,,,,not found: VTJ,not found: VTJ,not found: VTJ,not found: VTJ,not found: VTJ,not found: VTJ,not found: VTJ,not found: VTJ,not found: VTJ,not found: VTJ,not found: VTJ,not found: VTJ,not found: VTJ,not found: VTJ,not found: VTJ,not found: VTJ,not found: VTJ,not found: VTJ,not found: VTJ,not found: VTJ,not found: VTJ,not found: VTJ,not found: VTJ,not found: VTJ,not found: VTJ,not found: VTJ,not found: VTJ,not found: VTJ,not found: VTJ,not found: VTJ,,
,,,,,0.1702,0.0873,0.0736,,0.16,,0.0724,,,,,,,,,,,,0.1733,,,-0.1834,,,,0,0,,,,
,,,,0.5901,0.3356,0.2812,-0.1688,,,,0.0279,,,,,,,,,,,,,,,,,,,,,,,,
,,,,0.344,0.369,0.1609,0.4981,,,,-0.179,,,-0.2125,0.2222,,-0.1935,-0.04,0,,,,,,,,,,,,,,,,
,,,,0,0,0,0,0,0,0,0,0,0,0,0,0,0,0,0,0,0,0,0,0,0,0,0,0,0,0,0,,0,,
,,,,0,0,0,0,0,,,-0.2012,,,,,,,0.0746,0.125,,,,,,,,,,,,,,,,
,,,,0,0,0,0,0,0,,,,,,,,,,,,,,,,,,,,,,,,,,
,,,,0,0,0,,,-0.2308,,,,,,-0.0213,,,-0.3519,,,,,,-0.0208,,,,,,,,-0.2429,-0.2075,,x
